ancien,actuel,source
01003,01165,événement
01018,01033,événement
01020,01125,événement
01039,01138,commune déléguée ou associée
01048,01245,événement
01055,01283,événement
01059,01453,commune déléguée ou associée
01070,01165,événement
01086,01036,événement
01091,01033,commune déléguée ou associée
01097,01453,commune déléguée ou associée
01119,01080,commune déléguée ou associée
01120,01262,commune déléguée ou associée
01122,01185,commune déléguée ou associée
01126,01033,événement
01131,01189,événement
01132,69286,événement
01137,01426,commune déléguée ou associée
01144,01025,commune déléguée ou associée
01154,01130,commune déléguée ou associée
01161,01036,événement
01164,01104,événement
01168,69278,événement
01172,01095,événement
01176,01187,événement
01178,01240,événement
01182,01338,commune déléguée ou associée
01186,01185,commune déléguée ou associée
01201,01185,événement
01205,01033,commune déléguée ou associée
01217,01079,événement
01218,01453,commune déléguée ou associée
01221,01036,commune déléguée ou associée
01222,01185,événement
01223,01450,événement
01226,01036,événement
01251,01313,événement
01253,01450,événement
01256,69284,événement
01270,01410,événement
01271,01286,commune déléguée ou associée
01278,01033,événement
01287,01079,événement
01292,01187,événement
01300,01204,commune déléguée ou associée
01312,01426,commune déléguée ou associée
01315,01202,événement
01316,01098,événement
01324,01245,événement
01326,69286,événement
01327,01184,événement
01330,01187,commune déléguée ou associée
01340,01015,commune déléguée ou associée
01341,01227,événement
01377,01125,événement
01394,69292,événement
01395,69293,événement
01409,01187,événement
01413,01215,commune déléguée ou associée
01414,01036,commune déléguée ou associée
01417,01185,commune déléguée ou associée
01438,01143,événement
01440,01283,événement
01442,01036,commune déléguée ou associée
01455,01267,événement
01458,01033,événement
02026,02458,commune déléguée ou associée
02045,02439,événement
02077,02564,événement
02092,02093,événement
02113,02022,événement
02147,02458,commune déléguée ou associée
02161,02053,commune déléguée ou associée
02202,02220,événement
02247,02580,événement
02285,59545,commune déléguée ou associée
02300,02738,commune déléguée ou associée
02301,02018,commune déléguée ou associée
02311,02589,événement
02314,02361,événement
02325,02458,commune déléguée ou associée
02344,51171,événement
02348,02439,commune déléguée ou associée
02365,02124,événement
02394,02008,événement
02434,02018,commune déléguée ou associée
02436,02140,événement
02437,02757,événement
02475,02360,commune déléguée ou associée
02479,02439,commune déléguée ou associée
02597,02439,commune déléguée ou associée
02603,02810,événement
02611,02559,événement
02630,02738,commune déléguée ou associée
02646,02439,commune déléguée ou associée
02669,02053,commune déléguée ou associée
02692,02307,événement
02695,02054,commune déléguée ou associée
02700,02308,événement
02733,02153,commune déléguée ou associée
02771,02439,commune déléguée ou associée
02811,02439,commune déléguée ou associée
02825,02738,commune déléguée ou associée
03123,03158,commune déléguée ou associée
03153,03158,commune déléguée ou associée
03199,03315,événement
03318,03168,commune déléguée ou associée
04002,04167,événement
04003,04081,commune déléguée ou associée
04010,04136,commune déléguée ou associée
04011,04023,commune déléguée ou associée
04014,04109,événement
04015,04177,événement
04029,04155,commune déléguée ou associée
04038,04208,événement
04044,04039,événement
04048,04039,événement
04052,04144,commune déléguée ou associée
04056,04108,événement
04060,04219,événement
04064,04173,événement
04071,04070,événement
04078,04039,événement
04080,04097,événement
04082,04023,commune déléguée ou associée
04083,04046,événement
04089,04226,événement
04098,04167,événement
04100,04120,commune déléguée ou associée
04103,04107,événement
04105,04192,commune déléguée ou associée
04114,04155,événement
04117,04040,événement
04119,04161,événement
04125,04043,événement
04131,04124,commune déléguée ou associée
04146,04217,événement
04147,04219,événement
04153,04204,commune déléguée ou associée
04165,04023,commune déléguée ou associée
04168,04039,événement
04185,04046,événement
04196,04075,événement
04198,04033,commune déléguée ou associée
04212,04039,événement
04213,04167,événement
04215,04039,événement
04221,04084,événement
04223,04102,événement
04225,04234,événement
04232,04208,événement
04238,04075,événement
04239,04039,événement
04243,04043,événement
05002,05139,événement
05005,05118,commune déléguée ou associée
05015,05014,événement
05020,05132,événement
05030,05145,événement
05034,05118,commune déléguée ou associée
05041,05064,événement
05042,05139,événement
05043,05039,événement
05067,05132,événement
05069,05053,événement
05083,05070,événement
05088,05024,événement
05105,05118,événement
05120,05001,commune déléguée ou associée
05125,05061,commune déléguée ou associée
05137,05051,événement
05138,05139,événement
05141,05039,événement
05143,05053,événement
05150,05024,événement
05175,05101,événement
07016,07011,commune déléguée ou associée
07021,07207,événement
07043,07334,commune déléguée ou associée
07046,07031,commune déléguée ou associée
07057,07334,commune déléguée ou associée
07125,07147,événement
07135,07262,commune déléguée ou associée
07164,07334,commune déléguée ou associée
07180,07204,événement
07246,07284,commune déléguée ou associée
07252,07103,événement
07256,07165,commune déléguée ou associée
07271,07270,événement
07320,07147,événement
08002,08113,événement
08007,08116,commune déléguée ou associée
08009,08311,commune déléguée ou associée
08012,08437,commune déléguée ou associée
08042,08173,commune déléguée ou associée
08050,08437,commune déléguée ou associée
08051,08069,commune déléguée ou associée
08054,08319,événement
08068,08490,commune déléguée ou associée
08072,08491,commune déléguée ou associée
08079,08173,commune déléguée ou associée
08091,08469,événement
08093,08344,événement
08108,08081,événement
08112,08057,commune déléguée ou associée
08114,08115,commune déléguée ou associée
08118,08490,événement
08127,08490,événement
08129,08115,événement
08152,08173,commune déléguée ou associée
08157,08105,événement
08177,08189,commune déléguée ou associée
08181,08409,événement
08213,08366,commune déléguée ou associée
08221,08169,événement
08224,08240,événement
08227,08203,événement
08231,08194,événement
08241,08024,événement
08253,08081,événement
08258,08113,commune déléguée ou associée
08261,08116,commune déléguée ou associée
08265,08366,commune déléguée ou associée
08266,08366,commune déléguée ou associée
08267,08145,commune déléguée ou associée
08270,08115,événement
08285,08328,commune déléguée ou associée
08290,08105,événement
08292,08105,événement
08294,08053,commune déléguée ou associée
08299,08105,événement
08300,08439,événement
08337,08362,commune déléguée ou associée
08345,08333,commune déléguée ou associée
08359,08437,commune déléguée ou associée
08371,08053,commune déléguée ou associée
08414,08370,événement
08423,08089,événement
08441,08198,commune déléguée ou associée
08442,08469,événement
08443,08490,commune déléguée ou associée
08447,08105,événement
08474,08311,événement
08475,08053,commune déléguée ou associée
08493,08490,commune déléguée ou associée
08495,08113,commune déléguée ou associée
09010,09188,événement
09028,09296,commune déléguée ou associée
09036,09306,commune déléguée ou associée
09112,09107,événement
09135,09334,commune déléguée ou associée
09144,09059,événement
09191,09107,événement
09248,09299,événement
09255,09056,commune déléguée ou associée
09278,09030,événement
09286,09334,commune déléguée ou associée
09287,09088,commune déléguée ou associée
09288,09107,événement
09302,09334,commune déléguée ou associée
09317,09062,commune déléguée ou associée
09333,09223,événement
09337,09264,événement
10001,10289,événement
10016,10174,événement
10036,10058,commune déléguée ou associée
10088,10094,événement
10152,10084,événement
10244,10019,événement
10277,10003,commune déléguée ou associée
10292,10208,événement
10311,10148,commune déléguée ou associée
10322,10314,événement
10385,10386,événement
10407,10289,événement
10413,10019,événement
10415,10003,commune déléguée ou associée
11050,11304,commune déléguée ou associée
11097,11323,commune déléguée ou associée
11171,11080,commune déléguée ou associée
11237,11183,événement
11298,11251,commune déléguée ou associée
11329,11131,commune déléguée ou associée
11349,11128,commune déléguée ou associée
11403,11206,événement
12005,12223,événement
12014,12224,commune déléguée ou associée
12020,12090,événement
12040,12270,commune déléguée ou associée
12076,12218,commune déléguée ou associée
12081,12177,commune déléguée ou associée
12087,12177,commune déléguée ou associée
12112,12223,événement
12114,12218,commune déléguée ou associée
12117,12223,événement
12123,12270,commune déléguée ou associée
12126,12270,commune déléguée ou associée
12132,12257,événement
12173,12218,commune déléguée ou associée
12196,12270,commune déléguée ou associée
12245,12021,commune déléguée ou associée
12271,12120,événement
12279,12223,événement
12285,12021,commune déléguée ou associée
12302,12167,événement
12304,12223,événement
12306,12056,événement
14002,14150,commune déléguée ou associée
14004,14281,événement
14008,14355,événement
14010,14654,événement
14011,14581,commune déléguée ou associée
14013,14150,commune déléguée ou associée
14017,14352,événement
14018,14061,événement
14028,14371,commune déléguée ou associée
14029,14371,commune déléguée ou associée
14031,14431,commune déléguée ou associée
14048,14614,événement
14051,14231,commune déléguée ou associée
14052,14061,commune déléguée ou associée
14056,14027,commune déléguée ou associée
14058,14371,commune déléguée ou associée
14065,14726,commune déléguée ou associée
14067,14654,événement
14071,14527,événement
14072,14068,événement
14073,14579,commune déléguée ou associée
14074,14005,commune déléguée ou associée
14075,14410,événement
14081,14654,commune déléguée ou associée
14094,14005,événement
14095,14200,événement
14099,14654,commune déléguée ou associée
14105,14576,commune déléguée ou associée
14108,14335,événement
14109,14098,commune déléguée ou associée
14112,14266,commune déléguée ou associée
14113,14726,commune déléguée ou associée
14114,14712,commune déléguée ou associée
14115,14061,commune déléguée ou associée
14128,14027,commune déléguée ou associée
14129,14061,commune déléguée ou associée
14133,14431,événement
14139,14061,commune déléguée ou associée
14142,14342,commune déléguée ou associée
14144,14689,commune déléguée ou associée
14148,14371,commune déléguée ou associée
14151,14658,commune déléguée ou associée
14152,14174,commune déléguée ou associée
14153,14576,commune déléguée ou associée
14154,14570,commune déléguée ou associée
14155,14371,commune déléguée ou associée
14156,14726,commune déléguée ou associée
14157,14098,commune déléguée ou associée
14158,14456,commune déléguée ou associée
14164,14349,commune déléguée ou associée
14170,14014,événement
14176,14005,commune déléguée ou associée
14178,14474,événement
14185,14514,événement
14186,14406,événement
14187,14762,commune déléguée ou associée
14188,14579,commune déléguée ou associée
14189,14431,commune déléguée ou associée
14192,14658,commune déléguée ou associée
14199,14621,événement
14201,14431,commune déléguée ou associée
14208,14431,commune déléguée ou associée
14210,14371,commune déléguée ou associée
14212,14406,événement
14213,14689,commune déléguée ou associée
14217,14672,commune déléguée ou associée
14219,14027,commune déléguée ou associée
14222,14726,commune déléguée ou associée
14233,14431,événement
14234,14654,événement
14235,14281,événement
14247,14735,événement
14253,14726,commune déléguée ou associée
14255,14061,commune déléguée ou associée
14259,14371,commune déléguée ou associée
14262,14061,événement
14263,14027,événement
14264,14061,commune déléguée ou associée
14265,14371,commune déléguée ou associée
14267,14581,commune déléguée ou associée
14268,14005,commune déléguée ou associée
14279,14658,commune déléguée ou associée
14292,14740,événement
14294,14554,commune déléguée ou associée
14295,14654,événement
14296,14658,commune déléguée ou associée
14300,14743,commune déléguée ou associée
14307,14713,événement
14313,14431,commune déléguée ou associée
14314,14654,événement
14315,14126,événement
14317,14061,commune déléguée ou associée
14321,14735,événement
14323,14335,événement
14324,14689,commune déléguée ou associée
14330,14371,commune déléguée ou associée
14331,14654,commune déléguée ou associée
14339,14538,commune déléguée ou associée
14340,14515,commune déléguée ou associée
14350,14672,commune déléguée ou associée
14351,14762,événement
14356,14543,commune déléguée ou associée
14359,14431,commune déléguée ou associée
14361,14174,commune déléguée ou associée
14363,14654,événement
14372,14143,commune déléguée ou associée
14373,14475,commune déléguée ou associée
14376,14581,commune déléguée ou associée
14382,14281,événement
14386,14431,commune déléguée ou associée
14387,14431,commune déléguée ou associée
14388,14762,commune déléguée ou associée
14392,14312,événement
14395,14061,commune déléguée ou associée
14413,14347,commune déléguée ou associée
14414,14371,commune déléguée ou associée
14415,14658,commune déléguée ou associée
14416,14658,commune déléguée ou associée
14417,14658,commune déléguée ou associée
14418,14371,commune déléguée ou associée
14420,14371,commune déléguée ou associée
14422,14431,commune déléguée ou associée
14423,14098,commune déléguée ou associée
14428,14342,événement
14429,14371,commune déléguée ou associée
14432,14475,commune déléguée ou associée
14433,14654,commune déléguée ou associée
14434,14370,événement
14440,14061,commune déléguée ou associée
14441,14061,commune déléguée ou associée
14442,14726,commune déléguée ou associée
14443,14061,commune déléguée ou associée
14444,14431,commune déléguée ou associée
14447,14654,événement
14450,14654,commune déléguée ou associée
14451,14735,événement
14459,14371,commune déléguée ou associée
14462,14342,commune déléguée ou associée
14463,14721,événement
14464,14762,événement
14470,14610,événement
14471,14371,commune déléguée ou associée
14472,14654,commune déléguée ou associée
14477,14027,commune déléguée ou associée
14479,14581,commune déléguée ou associée
14481,14342,commune déléguée ou associée
14485,14764,événement
14489,14654,commune déléguée ou associée
14490,14143,événement
14493,14431,commune déléguée ou associée
14503,14726,commune déléguée ou associée
14505,14150,commune déléguée ou associée
14507,50592,événement
14508,14027,commune déléguée ou associée
14513,50592,événement
14517,14005,commune déléguée ou associée
14518,14371,commune déléguée ou associée
14521,14726,commune déléguée ou associée
14523,14174,commune déléguée ou associée
14525,14098,commune déléguée ou associée
14526,14581,événement
14532,14061,commune déléguée ou associée
14537,14046,commune déléguée ou associée
14539,14726,commune déléguée ou associée
14544,14027,commune déléguée ou associée
14545,14762,commune déléguée ou associée
14548,14406,événement
14549,14726,commune déléguée ou associée
14551,14591,commune déléguée ou associée
14553,14037,événement
14560,14231,commune déléguée ou associée
14561,14126,événement
14564,14726,commune déléguée ou associée
14567,14431,événement
14568,14098,commune déléguée ou associée
14573,14061,commune déléguée ou associée
14577,14200,événement
14580,14654,commune déléguée ou associée
14583,14576,commune déléguée ou associée
14584,14762,commune déléguée ou associée
14585,14174,commune déléguée ou associée
14594,14366,événement
14596,14672,commune déléguée ou associée
14597,14357,commune déléguée ou associée
14599,14570,commune déléguée ou associée
14600,14431,commune déléguée ou associée
14604,14126,événement
14608,14527,commune déléguée ou associée
14611,14658,commune déléguée ou associée
14612,14764,événement
14615,14371,commune déléguée ou associée
14616,14654,commune déléguée ou associée
14617,14431,événement
14618,14061,commune déléguée ou associée
14623,14408,commune déléguée ou associée
14624,14654,événement
14628,14689,commune déléguée ou associée
14629,14061,commune déléguée ou associée
14631,14762,événement
14632,14061,commune déléguée ou associée
14633,14371,commune déléguée ou associée
14634,14371,commune déléguée ou associée
14636,14061,commune déléguée ou associée
14638,14371,commune déléguée ou associée
14641,14126,événement
14642,14194,commune déléguée ou associée
14647,14570,commune déléguée ou associée
14653,14174,commune déléguée ou associée
14655,14061,commune déléguée ou associée
14662,14357,commune déléguée ou associée
14670,14543,commune déléguée ou associée
14671,14658,commune déléguée ou associée
14673,14581,commune déléguée ou associée
14683,14228,événement
14686,14726,commune déléguée ou associée
14688,14654,commune déléguée ou associée
14690,14355,événement
14691,14538,commune déléguée ou associée
14693,14570,commune déléguée ou associée
14695,14581,commune déléguée ou associée
14696,14371,commune déléguée ou associée
14697,14654,événement
14702,14475,commune déléguée ou associée
14703,14150,commune déléguée ou associée
14704,14061,commune déléguée ou associée
14717,14762,commune déléguée ou associée
14718,14762,commune déléguée ou associée
14722,14143,commune déléguée ou associée
14725,14333,commune déléguée ou associée
14727,14035,commune déléguée ou associée
14729,14654,commune déléguée ou associée
14730,14762,commune déléguée ou associée
14736,14118,événement
14746,14726,commune déléguée ou associée
14749,14431,commune déléguée ou associée
14750,14654,commune déléguée ou associée
14757,14200,événement
14763,14342,commune déléguée ou associée
15023,15108,événement
15039,15001,événement
15044,15138,commune déléguée ou associée
15062,15003,commune déléguée ou associée
15068,15108,événement
15071,15181,commune déléguée ou associée
15099,15142,commune déléguée ou associée
15109,15153,commune déléguée ou associée
15115,15038,commune déléguée ou associée
15136,15027,commune déléguée ou associée
15145,15142,commune déléguée ou associée
15150,15268,commune déléguée ou associée
15177,15153,commune déléguée ou associée
15193,15113,événement
15195,15108,événement
15197,15108,événement
15210,15202,commune déléguée ou associée
15227,15142,commune déléguée ou associée
15239,15153,commune déléguée ou associée
16004,16230,événement
16006,16242,événement
16010,16186,commune déléguée ou associée
16017,16339,commune déléguée ou associée
16021,16175,événement
16022,16339,événement
16033,16023,événement
16043,16148,événement
16051,16339,commune déléguée ou associée
16080,16192,événement
16092,16082,événement
16094,16023,événement
16115,16046,événement
16126,16253,commune déléguée ou associée
16129,16204,événement
16140,16206,commune déléguée ou associée
16147,16198,commune déléguée ou associée
16149,16192,commune déléguée ou associée
16156,16286,événement
16159,16297,événement
16172,16082,événement
16179,16224,commune déléguée ou associée
16201,16175,événement
16202,16153,événement
16214,16192,commune déléguée ou associée
16219,16242,événement
16226,16393,commune déléguée ou associée
16228,16339,commune déléguée ou associée
16235,16242,événement
16238,16023,événement
16247,16204,événement
16257,16175,événement
16259,16192,commune déléguée ou associée
16262,16286,événement
16265,16046,événement
16266,16242,événement
16274,16406,événement
16278,16097,événement
16288,16192,événement
16294,16230,événement
16296,16300,événement
16299,16193,événement
16305,16073,événement
16309,16300,événement
16311,16230,événement
16313,16287,événement
16314,16230,événement
16319,16046,événement
16322,16106,commune déléguée ou associée
16324,16242,événement
16327,16028,commune déléguée ou associée
16328,16230,événement
16332,16046,événement
16333,16073,événement
16344,16281,commune déléguée ou associée
16351,16233,commune déléguée ou associée
16355,16097,commune déléguée ou associée
16367,16073,événement
16371,16286,événement
16376,16192,commune déléguée ou associée
16386,16204,événement
16391,16110,commune déléguée ou associée
16407,16198,événement
16410,16110,commune déléguée ou associée
16411,16005,commune déléguée ou associée
16417,16204,événement
17001,17397,commune déléguée ou associée
17014,17332,événement
17040,17277,commune déléguée ou associée
17088,17013,événement
17090,17240,commune déléguée ou associée
17103,17457,événement
17123,17397,commune déléguée ou associée
17144,17026,commune déléguée ou associée
17169,17344,commune déléguée ou associée
17170,17243,événement
17189,17219,commune déléguée ou associée
17238,17295,événement
17251,17282,événement
17272,17340,commune déléguée ou associée
17334,17268,commune déléguée ou associée
17352,17457,événement
17368,17043,événement
17370,17454,événement
17371,17295,événement
17392,17160,événement
17399,17098,événement
17419,17024,événement
17456,17240,commune déléguée ou associée
17475,17474,événement
18123,18023,événement
18131,18173,événement
18222,18073,événement
18239,18023,événement
19032,19019,commune déléguée ou associée
19092,19143,événement
19127,19098,commune déléguée ou associée
19183,19010,commune déléguée ou associée
19185,19101,commune déléguée ou associée
19197,19275,commune déléguée ou associée
19218,19252,événement
19223,19248,commune déléguée ou associée
19224,19034,événement
19230,19248,commune déléguée ou associée
19267,19275,commune déléguée ou associée
19282,19123,commune déléguée ou associée
20001,2A001,événement
20002,2B002,événement
20003,2B003,événement
20004,2A004,événement
20005,2B005,événement
20006,2A006,événement
20007,2B007,événement
20008,2A008,événement
20009,2B009,événement
20010,2B010,événement
20011,2A011,événement
20012,2B012,événement
20013,2B013,événement
20014,2A014,événement
20015,2B015,événement
20016,2B016,événement
20017,2A017,événement
20018,2A018,événement
20019,2A019,événement
20020,2B020,événement
20021,2A021,événement
20022,2A022,événement
20023,2B023,événement
20024,2A024,événement
20025,2B025,événement
20026,2A026,événement
20027,2A027,événement
20028,2A028,événement
20029,2B029,événement
20030,2B030,événement
20031,2A031,événement
20032,2A032,événement
20033,2B033,événement
20034,2B034,événement
20035,2A035,événement
20036,2B036,événement
20037,2B037,événement
20038,2A038,événement
20039,2B039,événement
20040,2A040,événement
20041,2A041,événement
20042,2B042,événement
20043,2B043,événement
20044,2B063,événement
20045,2B045,événement
20046,2B046,événement
20047,2B047,événement
20048,2A048,événement
20049,2B049,événement
20050,2B050,événement
20051,2B051,événement
20052,2B052,événement
20053,2B053,événement
20054,2B054,événement
20055,2B055,événement
20056,2A056,événement
20057,2B057,événement
20058,2B058,événement
20059,2B059,événement
20060,2A060,événement
20061,2A061,événement
20062,2A062,événement
20063,2B063,événement
20064,2A064,événement
20065,2A065,événement
20066,2A066,événement
20067,2B067,événement
20068,2B068,événement
20069,2B069,événement
20070,2A070,événement
20071,2A071,événement
20072,2B072,événement
20073,2B073,événement
20074,2B074,événement
20075,2B075,événement
20076,2B167,événement
20077,2B077,événement
20078,2B078,événement
20079,2B079,événement
20080,2B080,événement
20081,2B081,événement
20082,2B082,événement
20083,2B083,événement
20084,2B084,événement
20085,2A085,événement
20086,2B086,événement
20087,2B087,événement
20088,2B088,événement
20089,2A089,événement
20090,2A090,événement
20091,2A091,événement
20092,2A092,événement
20093,2B093,événement
20094,2A094,événement
20095,2B095,événement
20096,2B096,événement
20097,2B097,événement
20098,2A098,événement
20099,2A099,événement
20100,2A100,événement
20101,2B101,événement
20102,2B102,événement
20103,2A103,événement
20104,2A104,événement
20105,2B105,événement
20106,2B106,événement
20107,2B107,événement
20108,2A108,événement
20109,2B109,événement
20110,2B110,événement
20111,2B111,événement
20112,2B112,événement
20113,2B113,événement
20114,2A114,événement
20115,2A115,événement
20116,2B116,événement
20117,2A117,événement
20118,2A118,événement
20119,2A119,événement
20120,2B120,événement
20121,2B121,événement
20122,2B122,événement
20123,2B123,événement
20124,2B124,événement
20125,2B125,événement
20126,2B126,événement
20127,2A127,événement
20128,2A128,événement
20129,2A129,événement
20130,2A130,événement
20131,2A131,événement
20132,2A132,événement
20133,2A133,événement
20134,2B134,événement
20135,2B135,événement
20136,2B136,événement
20137,2B137,événement
20138,2B138,événement
20139,2A139,événement
20140,2B140,événement
20141,2A141,événement
20142,2A142,événement
20143,2B143,événement
20144,2A144,événement
20145,2B145,événement
20146,2A146,événement
20147,2B147,événement
20148,2B148,événement
20149,2B149,événement
20150,2B150,événement
20151,2B167,événement
20152,2B152,événement
20153,2B153,événement
20154,2A154,événement
20155,2B155,événement
20156,2B156,événement
20157,2B157,événement
20158,2A158,événement
20159,2B159,événement
20160,2A160,événement
20161,2B161,événement
20162,2B162,événement
20163,2A163,événement
20164,2B164,événement
20165,2B165,événement
20166,2B166,événement
20167,2B167,événement
20168,2B168,événement
20169,2B169,événement
20170,2B170,événement
20171,2B171,événement
20172,2B172,événement
20173,2B173,événement
20174,2A174,événement
20175,2B175,événement
20176,2B176,événement
20177,2B177,événement
20178,2B178,événement
20179,2B179,événement
20180,2B180,événement
20181,2A181,événement
20182,2B182,événement
20183,2B183,événement
20184,2B184,événement
20185,2B185,événement
20186,2A186,événement
20187,2B187,événement
20188,2B188,événement
20189,2A189,événement
20190,2B190,événement
20191,2A191,événement
20192,2B192,événement
20193,2B193,événement
20194,2B194,événement
20195,2B195,événement
20196,2A196,événement
20197,2A197,événement
20198,2A198,événement
20199,2B199,événement
20200,2A200,événement
20201,2B201,événement
20202,2B202,événement
20203,2A203,événement
20204,2A204,événement
20205,2B205,événement
20206,2B206,événement
20207,2B207,événement
20208,2B208,événement
20209,2A209,événement
20210,2B210,événement
20211,2A211,événement
20212,2A212,événement
20213,2B213,événement
20214,2B214,événement
20215,2A215,événement
20216,2B216,événement
20217,2B217,événement
20218,2B218,événement
20219,2B219,événement
20220,2B220,événement
20221,2B221,événement
20222,2B222,événement
20223,2B223,événement
20224,2B224,événement
20225,2B225,événement
20226,2B226,événement
20227,2B227,événement
20228,2A228,événement
20229,2B229,événement
20230,2B230,événement
20231,2B231,événement
20232,2A232,événement
20233,2B233,événement
20234,2B234,événement
20235,2B235,événement
20236,2B236,événement
20237,2A308,événement
20238,2B238,événement
20239,2B239,événement
20240,2A240,événement
20241,2B241,événement
20242,2B242,événement
20243,2B243,événement
20244,2B244,événement
20245,2B245,événement
20246,2B246,événement
20247,2A247,événement
20248,2B248,événement
20249,2A249,événement
20250,2B250,événement
20251,2B251,événement
20252,2B252,événement
20253,2A253,événement
20254,2A254,événement
20255,2B255,événement
20256,2B256,événement
20257,2B257,événement
20258,2A258,événement
20259,2A259,événement
20260,2B260,événement
20261,2B261,événement
20262,2A262,événement
20263,2B263,événement
20264,2B264,événement
20265,2B265,événement
20266,2A266,événement
20267,2B267,événement
20268,2A268,événement
20269,2A269,événement
20270,2A270,événement
20271,2A271,événement
20272,2A272,événement
20273,2B273,événement
20274,2B274,événement
20275,2B275,événement
20276,2A276,événement
20277,2B277,événement
20278,2A278,événement
20279,2A279,événement
20280,2B280,événement
20281,2B281,événement
20282,2A282,événement
20283,2B283,événement
20284,2A284,événement
20285,2A285,événement
20286,2B286,événement
20287,2B287,événement
20288,2A288,événement
20289,2B289,événement
20290,2B290,événement
20291,2B291,événement
20292,2B292,événement
20293,2B293,événement
20294,2A308,événement
20295,2A295,événement
20296,2B296,événement
20297,2B297,événement
20298,2B298,événement
20299,2B299,événement
20300,2A300,événement
20301,2B301,événement
20302,2B302,événement
20303,2B303,événement
20304,2B304,événement
20305,2B305,événement
20306,2B306,événement
20307,2B307,événement
20308,2A308,événement
20309,2B309,événement
20310,2A310,événement
20311,2B311,événement
20312,2A312,événement
20313,2B313,événement
20314,2B314,événement
20315,2B315,événement
20316,2B316,événement
20317,2B317,événement
20318,2B318,événement
20319,2B319,événement
20320,2B320,événement
20321,2B321,événement
20322,2A322,événement
20323,2A323,événement
20324,2A324,événement
20325,2A249,événement
20326,2A326,événement
20327,2B327,événement
20328,2B328,événement
20329,2B329,événement
20330,2A330,événement
20331,2A331,événement
20332,2B332,événement
20333,2B333,événement
20334,2B334,événement
20335,2B335,événement
20336,2A336,événement
20337,2B337,événement
20338,2B338,événement
20339,2B339,événement
20340,2B340,événement
20341,2B341,événement
20342,2B342,événement
20343,2B343,événement
20344,2B344,événement
20345,2A345,événement
20346,2B346,événement
20347,2B347,événement
20348,2A348,événement
20349,2A349,événement
20350,2B350,événement
20351,2A351,événement
20352,2B352,événement
20353,2B353,événement
20354,2B354,événement
20355,2B355,événement
20356,2B356,événement
20357,2A357,événement
20358,2A358,événement
20359,2A359,événement
20360,2A360,événement
20361,2B361,événement
20362,2A362,événement
20363,2A363,événement
20364,2B364,événement
20365,2B365,événement
20366,2B366,événement
21019,21060,événement
21073,21272,commune déléguée ou associée
21174,21461,événement
21188,21464,événement
21206,21158,événement
21213,21452,commune déléguée ou associée
21318,21327,événement
21443,21433,commune déléguée ou associée
21453,21304,commune déléguée ou associée
21486,21352,commune déléguée ou associée
21507,21183,commune déléguée ou associée
21509,21506,événement
21513,21178,événement
21551,21084,événement
21621,21623,commune déléguée ou associée
21654,21408,événement
21658,21195,événement
21668,21667,événement
21697,21433,commune déléguée ou associée
22007,22055,commune déléguée ou associée
22010,22266,événement
22017,22113,événement
22022,22113,événement
22027,22241,commune déléguée ou associée
22038,22206,commune déléguée ou associée
22043,22241,commune déléguée ou associée
22051,22084,événement
22058,22183,commune déléguée ou associée
22066,22046,commune déléguée ou associée
22078,22264,commune déléguée ou associée
22080,22203,commune déléguée ou associée
22089,22162,événement
22100,22219,commune déléguée ou associée
22102,22046,commune déléguée ou associée
22120,22030,événement
22123,22050,commune déléguée ou associée
22125,22084,événement
22130,22113,événement
22142,22093,événement
22151,22093,commune déléguée ou associée
22154,22093,commune déléguée ou associée
22159,22282,événement
22167,22107,commune déléguée ou associée
22173,22093,commune déléguée ou associée
22191,22046,commune déléguée ou associée
22192,22209,commune déléguée ou associée
22200,22237,commune déléguée ou associée
22230,22162,événement
22247,22264,commune déléguée ou associée
22252,22093,événement
22253,22264,commune déléguée ou associée
22270,22093,événement
22290,22107,commune déléguée ou associée
22292,22046,commune déléguée ou associée
22297,22046,commune déléguée ou associée
22298,22158,commune déléguée ou associée
22301,22084,événement
22303,22046,commune déléguée ou associée
22309,22147,commune déléguée ou associée
22329,22118,événement
22336,22113,événement
22355,22093,événement
22357,22209,commune déléguée ou associée
22367,22251,événement
22374,22118,événement
22382,22190,événement
23023,23149,commune déléguée ou associée
23085,23093,événement
23094,23093,commune déléguée ou associée
23121,23109,événement
23126,23189,commune déléguée ou associée
23135,23227,événement
23153,23090,commune déléguée ou associée
23161,23149,événement
23163,23220,événement
23231,23192,événement
23256,23067,événement
24003,24082,événement
24013,24053,commune déléguée ou associée
24017,24303,événement
24033,24253,commune déléguée ou associée
24041,24087,événement
24044,24026,commune déléguée ou associée
24047,24147,commune déléguée ou associée
24049,24028,événement
24065,24312,commune déléguée ou associée
24072,24068,commune déléguée ou associée
24078,24520,événement
24079,24064,commune déléguée ou associée
24089,24325,commune déléguée ou associée
24092,24362,commune déléguée ou associée
24093,24554,commune déléguée ou associée
24099,24253,commune déléguée ou associée
24103,24026,commune déléguée ou associée
24112,24086,commune déléguée ou associée
24118,24316,commune déléguée ou associée
24125,24167,événement
24127,24364,commune déléguée ou associée
24149,24068,événement
24166,24026,commune déléguée ou associée
24169,24516,événement
24170,24064,commune déléguée ou associée
24173,24168,événement
24178,24490,événement
24181,24534,événement
24185,24035,événement
24187,24263,événement
24198,24064,commune déléguée ou associée
24201,24260,commune déléguée ou associée
24203,24253,commune déléguée ou associée
24204,24117,commune déléguée ou associée
24219,24028,commune déléguée ou associée
24233,24259,commune déléguée ou associée
24235,24253,commune déléguée ou associée
24239,24540,commune déléguée ou associée
24249,24172,commune déléguée ou associée
24250,24168,événement
24258,24312,commune déléguée ou associée
24265,24294,événement
24270,24026,commune déléguée ou associée
24275,24549,événement
24283,24253,commune déléguée ou associée
24298,24142,événement
24310,24028,commune déléguée ou associée
24314,24325,commune déléguée ou associée
24315,24068,commune déléguée ou associée
24332,24335,événement
24333,24216,événement
24342,24549,événement
24343,24376,commune déléguée ou associée
24344,24253,commune déléguée ou associée
24358,24167,événement
24363,24035,commune déléguée ou associée
24368,24490,événement
24369,24026,commune déléguée ou associée
24387,24356,commune déléguée ou associée
24389,24172,commune déléguée ou associée
24391,24064,commune déléguée ou associée
24400,24585,événement
24402,24423,commune déléguée ou associée
24427,24259,commune déléguée ou associée
24430,24064,commune déléguée ou associée
24431,24259,commune déléguée ou associée
24433,24423,commune déléguée ou associée
24435,24362,commune déléguée ou associée
24439,24053,commune déléguée ou associée
24440,24229,événement
24447,24053,commune déléguée ou associée
24467,24354,commune déléguée ou associée
24469,24354,commune déléguée ou associée
24475,24147,commune déléguée ou associée
24497,24028,commune déléguée ou associée
24503,24253,commune déléguée ou associée
24506,24167,événement
24530,24064,commune déléguée ou associée
24539,24172,événement
24556,24263,événement
24561,24064,commune déléguée ou associée
24578,24338,événement
24579,24253,commune déléguée ou associée
24583,24547,événement
25010,25223,commune déléguée ou associée
25023,25575,événement
25027,25245,événement
25028,25424,événement
25034,25035,commune déléguée ou associée
25037,25036,événement
25064,25433,commune déléguée ou associée
25068,25313,événement
25069,25527,événement
25076,25434,commune déléguée ou associée
25080,25486,événement
25081,25127,événement
25118,25047,événement
25123,25222,événement
25128,25424,événement
25134,25185,événement
25135,25138,événement
25137,25368,événement
25140,25156,commune déléguée ou associée
25144,25505,commune déléguée ou associée
25146,25101,commune déléguée ou associée
25158,25524,événement
25165,25101,commune déléguée ou associée
25167,25374,commune déléguée ou associée
25168,25223,commune déléguée ou associée
25169,25138,événement
25205,25223,commune déléguée ou associée
25206,25051,événement
25250,25558,événement
25260,25392,événement
25272,25018,commune déléguée ou associée
25282,25060,événement
25291,25417,commune déléguée ou associée
25292,25334,événement
25294,25320,événement
25297,25364,événement
25302,25424,événement
25303,25390,commune déléguée ou associée
25319,25334,événement
25337,25357,commune déléguée ou associée
25347,25390,commune déléguée ou associée
25352,25288,événement
25353,25468,commune déléguée ou associée
25358,25537,commune déléguée ou associée
25363,25187,commune déléguée ou associée
25396,25505,commune déléguée ou associée
25398,25390,commune déléguée ou associée
25399,25460,événement
25407,25275,commune déléguée ou associée
25409,25505,commune déléguée ou associée
25412,25519,événement
25423,25138,événement
25480,25424,événement
25484,25223,commune déléguée ou associée
25509,25438,commune déléguée ou associée
25530,25529,événement
25531,25156,événement
25533,25223,commune déléguée ou associée
25543,25385,commune déléguée ou associée
25549,25060,événement
25568,25018,commune déléguée ou associée
25576,25575,événement
25577,25485,événement
25581,25212,événement
25585,25424,événement
25587,25078,événement
25593,25147,événement
25603,25463,événement
25606,25275,commune déléguée ou associée
25610,25222,événement
25620,25390,commune déléguée ou associée
25628,25375,événement
25636,25601,événement
26029,26136,événement
26044,26276,événement
26053,26055,événement
26109,26086,événement
26120,26128,événement
26132,26199,événement
26151,26262,événement
26158,26091,événement
26184,26210,commune déléguée ou associée
26187,26001,commune déléguée ou associée
26219,26216,commune déléguée ou associée
26230,26321,événement
26237,26136,événement
26260,26055,événement
26265,26020,événement
26280,26365,événement
26297,26210,commune déléguée ou associée
26354,26086,commune déléguée ou associée
26366,26179,événement
26371,26289,événement
27007,27049,commune déléguée ou associée
27024,27198,événement
27029,27025,événement
27030,27427,événement
27041,27049,commune déléguée ou associée
27058,27676,événement
27060,27213,commune déléguée ou associée
27080,27198,événement
27084,27105,événement
27086,27105,événement
27087,27138,événement
27088,27049,commune déléguée ou associée
27092,27062,commune déléguée ou associée
27093,27090,événement
27121,27213,commune déléguée ou associée
27122,27213,événement
27128,27213,commune déléguée ou associée
27131,27425,événement
27143,27685,commune déléguée ou associée
27145,27157,événement
27150,27554,événement
27159,27112,commune déléguée ou associée
27160,27213,événement
27166,27198,commune déléguée ou associée
27172,27032,événement
27175,27070,commune déléguée ou associée
27178,27693,événement
27186,27198,événement
27195,27578,commune déléguée ou associée
27197,27213,commune déléguée ou associée
27211,27191,événement
27221,27049,commune déléguée ou associée
27223,27085,événement
27225,27157,événement
27236,27106,événement
27244,27085,événement
27250,27191,événement
27253,27425,événement
27255,27213,commune déléguée ou associée
27257,27213,commune déléguée ou associée
27262,27213,commune déléguée ou associée
27264,27213,événement
27265,27679,commune déléguée ou associée
27268,27447,événement
27270,27070,commune déléguée ou associée
27272,27096,événement
27274,27294,commune déléguée ou associée
27283,27049,commune déléguée ou associée
27292,27049,commune déléguée ou associée
27293,27198,événement
27296,27049,commune déléguée ou associée
27297,27198,événement
27303,27565,événement
27305,27112,commune déléguée ou associée
27308,27213,commune déléguée ou associée
27314,27331,événement
27328,27198,événement
27344,27062,commune déléguée ou associée
27352,27105,événement
27356,27049,commune déléguée ou associée
27357,27415,événement
27362,27049,commune déléguée ou associée
27387,27198,événement
27402,27447,événement
27409,27198,événement
27416,27198,événement
27443,27528,événement
27449,27213,commune déléguée ou associée
27450,27206,événement
27452,27425,événement
27461,27003,événement
27479,27153,commune déléguée ou associée
27484,27277,commune déléguée ou associée
27491,27198,événement
27494,27198,événement
27499,27049,commune déléguée ou associée
27503,27198,événement
27506,27011,commune déléguée ou associée
27509,27414,événement
27510,27448,commune déléguée ou associée
27513,27049,commune déléguée ou associée
27515,27049,commune déléguée ou associée
27519,27022,commune déléguée ou associée
27523,27516,commune déléguée ou associée
27526,27107,commune déléguée ou associée
27532,27157,événement
27549,27467,événement
27551,27541,événement
27559,27361,événement
27566,27049,commune déléguée ou associée
27573,27578,commune déléguée ou associée
27574,27302,événement
27575,27129,événement
27581,27263,commune déléguée ou associée
27583,27533,événement
27585,27467,événement
27588,27554,événement
27596,27049,commune déléguée ou associée
27600,27516,commune déléguée ou associée
27607,27263,commune déléguée ou associée
27619,27424,événement
27626,27089,événement
27628,27049,commune déléguée ou associée
27634,27032,événement
27636,27638,événement
27637,27105,événement
27639,27638,événement
27642,27290,événement
27647,27676,événement
27648,27412,commune déléguée ou associée
27651,27471,commune déléguée ou associée
27653,27213,commune déléguée ou associée
27657,27089,événement
27675,27096,événement
27687,27022,commune déléguée ou associée
27688,27693,événement
28002,28199,commune déléguée ou associée
28011,28023,commune déléguée ou associée
28017,28103,événement
28020,28406,commune déléguée ou associée
28025,28319,commune déléguée ou associée
28042,28015,événement
28043,28226,commune déléguée ou associée
28044,28012,événement
28063,28236,commune déléguée ou associée
28066,28127,événement
28069,28185,événement
28083,28103,événement
28093,28012,événement
28097,28393,événement
28101,28330,événement
28112,28236,commune déléguée ou associée
28115,28012,événement
28125,28226,commune déléguée ou associée
28131,91016,événement
28133,28103,événement
28138,28393,événement
28145,28406,commune déléguée ou associée
28150,28103,événement
28152,28226,événement
28165,28331,commune déléguée ou associée
28174,28386,commune déléguée ou associée
28179,28406,commune déléguée ou associée
28181,28393,événement
28186,28183,événement
28204,28012,événement
28205,28334,événement
28224,28330,événement
28228,28120,commune déléguée ou associée
28238,28360,commune déléguée ou associée
28241,28103,événement
28244,28199,événement
28250,28127,événement
28258,28422,commune déléguée ou associée
28262,28103,événement
28266,28168,événement
28276,28319,commune déléguée ou associée
28288,28183,événement
28295,28330,événement
28297,28383,événement
28307,28056,commune déléguée ou associée
28311,28199,commune déléguée ou associée
28318,28103,événement
28320,28422,commune déléguée ou associée
28328,28393,événement
28338,28034,commune déléguée ou associée
28340,28103,événement
28345,28048,événement
28356,28012,événement
28361,28015,commune déléguée ou associée
28376,28018,commune déléguée ou associée
28381,28373,commune déléguée ou associée
28384,28393,événement
28399,28279,commune déléguée ou associée
28402,28254,événement
28412,28406,commune déléguée ou associée
28413,28373,commune déléguée ou associée
28416,28422,commune déléguée ou associée
28420,28120,commune déléguée ou associée
29009,29039,événement
29050,29232,événement
29052,29003,commune déléguée ou associée
29088,29232,événement
29092,29241,commune déléguée ou associée
29096,29019,événement
29118,29039,événement
29121,29221,événement
29127,29266,commune déléguée ou associée
29129,29227,commune déléguée ou associée
29138,29302,événement
29149,29076,commune déléguée ou associée
29154,29217,événement
29157,29232,événement
29164,29046,événement
29194,29024,événement
29200,29151,événement
29203,29021,commune déléguée ou associée
29219,29199,commune déléguée ou associée
29223,29046,événement
29231,29302,événement
29242,29053,événement
29253,29019,événement
29258,29019,événement
29283,29046,événement
30063,30058,événement
30078,30325,événement
30094,30329,commune déléguée ou associée
30118,30037,événement
30157,30052,événement
30190,30339,événement
31016,31085,commune déléguée ou associée
31154,31085,commune déléguée ou associée
31214,31144,événement
31257,31287,événement
31298,31471,commune déléguée ou associée
31307,31412,commune déléguée ou associée
31438,31277,événement
32006,32348,événement
32011,32426,commune déléguée ou associée
32067,32365,commune déléguée ou associée
32074,32344,commune déléguée ou associée
32137,32268,événement
32168,32079,commune déléguée ou associée
32179,32462,commune déléguée ou associée
32259,32065,événement
32260,32365,commune déléguée ou associée
32413,32365,commune déléguée ou associée
33041,33042,événement
33091,33268,événement
33092,33008,événement
33107,33106,commune déléguée ou associée
33110,33063,événement
33217,33341,événement
33265,33339,événement
33267,33380,commune déléguée ou associée
33286,33342,événement
33313,33290,événement
33338,33055,événement
33340,33506,événement
33368,33287,événement
33371,33018,commune déléguée ou associée
33409,33008,commune déléguée ou associée
33410,33290,événement
33430,33506,événement
33455,33378,événement
33469,33506,événement
33495,33018,commune déléguée ou associée
33497,33175,événement
34093,34144,commune déléguée ou associée
34275,34186,événement
34330,34246,commune déléguée ou associée
35011,35292,commune déléguée ou associée
35020,35130,événement
35036,35064,événement
35043,35068,événement
35048,35168,commune déléguée ou associée
35053,35220,commune déléguée ou associée
35073,35206,événement
35074,35096,commune déléguée ou associée
35083,35191,commune déléguée ou associée
35100,35163,commune déléguée ou associée
35112,35062,commune déléguée ou associée
35113,35004,commune déléguée ou associée
35129,35176,événement
35147,35308,commune déléguée ou associée
35158,35060,événement
35182,35240,événement
35209,35069,commune déléguée ou associée
35213,35288,événement
35254,35069,commune déléguée ou associée
35267,35257,commune déléguée ou associée
35269,35282,commune déléguée ou associée
35293,35282,commune déléguée ou associée
35298,35068,événement
35301,35184,commune déléguée ou associée
35303,35004,commune déléguée ou associée
35313,35288,événement
35323,35191,commune déléguée ou associée
35341,35004,commune déléguée ou associée
35344,35308,commune déléguée ou associée
35348,35282,commune déléguée ou associée
35349,35069,événement
36039,36070,commune déléguée ou associée
36072,36244,commune déléguée ou associée
36151,36229,commune déléguée ou associée
36183,36229,commune déléguée ou associée
36201,36093,commune déléguée ou associée
36206,36093,événement
36245,36202,commune déléguée ou associée
37017,37115,événement
37102,37123,commune déléguée ou associée
37120,37232,événement
37135,37021,événement
37164,37163,événement
37209,37254,commune déléguée ou associée
37215,37003,événement
37227,37232,événement
37235,37261,événement
37239,37261,événement
38007,38524,événement
38014,38297,événement
38016,38479,commune déléguée ou associée
38021,38225,commune déléguée ou associée
38024,38152,événement
38025,38284,commune déléguée ou associée
38028,38001,commune déléguée ou associée
38079,69270,événement
38088,69271,événement
38096,38085,événement
38119,69299,événement
38121,38479,commune déléguée ou associée
38122,69272,événement
38123,69273,événement
38125,38456,commune déléguée ou associée
38142,38543,événement
38143,69275,événement
38145,38359,événement
38164,69276,événement
38165,38001,commune déléguée ou associée
38168,38315,événement
38178,69277,événement
38196,38053,événement
38201,69279,événement
38202,69280,événement
38220,69281,événement
38227,38139,événement
38233,69282,événement
38234,69283,événement
38251,38348,événement
38262,38439,événement
38274,38479,commune déléguée ou associée
38293,38560,événement
38302,38073,commune déléguée ou associée
38305,38292,commune déléguée ou associée
38306,38163,commune déléguée ou associée
38312,38407,événement
38327,69285,événement
38367,38395,commune déléguée ou associée
38371,69287,événement
38385,38226,événement
38411,69288,événement
38435,38395,commune déléguée ou associée
38441,69289,événement
38447,69290,événement
38461,69291,événement
38477,38224,événement
38482,69294,événement
38491,69295,événement
38493,69296,événement
38502,69297,événement
38506,38022,événement
38510,69298,événement
38534,38253,commune déléguée ou associée
38541,38022,commune déléguée ou associée
39005,39385,commune déléguée ou associée
39012,25527,commune déléguée ou associée
39023,39378,événement
39033,39198,événement
39036,39209,événement
39044,39022,commune déléguée ou associée
39064,39576,commune déléguée ou associée
39067,39049,événement
39069,39485,événement
39071,39397,événement
39075,39199,commune déléguée ou associée
39082,39018,événement
39087,39370,événement
39089,39137,événement
39098,39133,événement
39113,39339,événement
39115,39258,commune déléguée ou associée
39123,39290,événement
39125,39478,événement
39135,39378,événement
39144,39478,événement
39148,39016,événement
39152,39478,événement
39158,39530,événement
39161,39331,événement
39181,39493,événement
39186,39491,commune déléguée ou associée
39195,39273,commune déléguée ou associée
39212,39331,événement
39213,39329,commune déléguée ou associée
39215,39021,événement
39224,39290,événement
39226,39209,événement
39231,39436,événement
39242,39331,événement
39243,39577,commune déléguée ou associée
39256,39198,commune déléguée ou associée
39257,39561,événement
39260,39177,événement
39264,39576,commune déléguée ou associée
39276,39209,événement
39287,39137,événement
39294,39368,commune déléguée ou associée
39303,39485,événement
39309,39537,événement
39311,39504,événement
39316,39188,événement
39332,39177,événement
39340,39329,commune déléguée ou associée
39341,39510,événement
39347,39273,commune déléguée ou associée
39357,39504,événement
39358,39479,événement
39369,39010,commune déléguée ou associée
39371,39368,commune déléguée ou associée
39374,39436,événement
39382,39209,événement
39383,39205,commune déléguée ou associée
39384,39504,événement
39395,39043,événement
39410,39424,événement
39414,39190,commune déléguée ou associée
39416,39331,événement
39417,39130,commune déléguée ou associée
39433,39209,événement
39438,39286,commune déléguée ou associée
39440,39286,commune déléguée ou associée
39442,39130,commune déléguée ou associée
39450,39478,événement
39459,39258,événement
39474,39576,commune déléguée ou associée
39482,39017,commune déléguée ou associée
39483,39137,événement
39484,39378,événement
39488,39021,événement
39496,39198,événement
39506,39290,événement
39509,39209,événement
39515,39397,événement
39516,39579,événement
39521,39154,événement
39524,39367,événement
39536,39517,événement
39541,39478,événement
39542,39583,commune déléguée ou associée
39544,39021,événement
39548,39434,commune déléguée ou associée
39549,39576,commune déléguée ou associée
39562,39130,commune déléguée ou associée
39563,39313,événement
39564,39485,événement
39566,39018,événement
39578,39086,commune déléguée ou associée
39580,39049,événement
40009,40197,commune déléguée ou associée
40010,40267,événement
40045,40200,événement
40048,40243,commune déléguée ou associée
40107,40197,commune déléguée ou associée
40241,40227,événement
40302,40197,commune déléguée ou associée
41005,41248,commune déléguée ou associée
41011,41171,commune déléguée ou associée
41015,41171,commune déléguée ou associée
41021,41273,commune déléguée ou associée
41023,41151,commune déléguée ou associée
41033,41142,commune déléguée ou associée
41056,41173,commune déléguée ou associée
41064,41055,commune déléguée ou associée
41076,41273,commune déléguée ou associée
41082,41059,commune déléguée ou associée
41092,41059,commune déléguée ou associée
41111,41194,événement
41117,41199,événement
41133,41173,commune déléguée ou associée
41162,41220,événement
41165,41248,commune déléguée ou associée
41169,41142,commune déléguée ou associée
41170,41059,commune déléguée ou associée
41183,41173,commune déléguée ou associée
41197,41248,commune déléguée ou associée
41202,41248,commune déléguée ou associée
41210,41171,commune déléguée ou associée
41227,41149,commune déléguée ou associée
41240,41055,commune déléguée ou associée
41244,41173,commune déléguée ou associée
41257,41059,commune déléguée ou associée
41263,41070,commune déléguée ou associée
41264,41173,commune déléguée ou associée
41270,41173,commune déléguée ou associée
41272,41167,commune déléguée ou associée
42004,42268,commune déléguée ou associée
42024,42005,événement
42057,42095,événement
42072,42217,événement
42080,42225,commune déléguée ou associée
42082,42268,commune déléguée ou associée
42109,42084,commune déléguée ou associée
42111,42207,événement
42114,42039,commune déléguée ou associée
42144,42147,événement
42190,42218,commune déléguée ou associée
42244,42207,événement
42250,42279,commune déléguée ou associée
42252,42084,commune déléguée ou associée
42258,42207,événement
42263,42239,événement
42291,42245,commune déléguée ou associée
42292,42218,événement
42309,42218,événement
43081,43245,événement
43146,43157,événement
43161,43132,événement
43176,43221,commune déléguée ou associée
43179,43132,événement
43209,43239,événement
43235,43111,événement
43243,43157,événement
43248,43005,événement
43255,43090,commune déléguée ou associée
43266,43013,événement
44004,44163,commune déléguée ou associée
44008,44029,commune déléguée ou associée
44011,44213,commune déléguée ou associée
44017,44180,commune déléguée ou associée
44034,44213,commune déléguée ou associée
44040,44005,commune déléguée ou associée
44042,44131,événement
44059,44021,commune déléguée ou associée
44060,49160,événement
44093,44180,commune déléguée ou associée
44147,44213,commune déléguée ou associée
44160,44003,événement
44167,44156,événement
44177,44131,événement
44181,44087,commune déléguée ou associée
44191,44180,commune déléguée ou associée
44219,44180,commune déléguée ou associée
44225,44180,commune déléguée ou associée
45003,45240,commune déléguée ou associée
45007,45155,commune déléguée ou associée
45048,45253,commune déléguée ou associée
45057,45191,commune déléguée ou associée
45071,45332,événement
45090,45035,commune déléguée ou associée
45106,45191,commune déléguée ou associée
45117,45093,événement
45128,45065,événement
45140,45240,commune déléguée ou associée
45163,45160,commune déléguée ou associée
45172,45025,commune déléguée ou associée
45190,45191,commune déléguée ou associée
45192,45191,commune déléguée ou associée
45211,45129,événement
45221,45191,commune déléguée ou associée
45236,45191,commune déléguée ou associée
45267,45051,événement
45287,45307,événement
45295,45240,commune déléguée ou associée
45304,45162,commune déléguée ou associée
45318,45240,commune déléguée ou associée
45319,45118,commune déléguée ou associée
45349,45348,commune déléguée ou associée
46014,46263,commune déléguée ou associée
46019,46138,commune déléguée ou associée
46025,46201,événement
46048,46311,commune déléguée ou associée
46067,46232,commune déléguée ou associée
46071,46311,commune déléguée ou associée
46077,46156,commune déléguée ou associée
46099,46033,commune déléguée ou associée
46110,46138,commune déléguée ou associée
46141,46311,commune déléguée ou associée
46150,46311,commune déléguée ou associée
46158,46262,commune déléguée ou associée
46166,46201,événement
46217,46172,commune déléguée ou associée
46248,46063,commune déléguée ou associée
46261,46201,événement
46274,46262,commune déléguée ou associée
46275,46252,commune déléguée ou associée
46278,46033,commune déléguée ou associée
46285,46263,commune déléguée ou associée
46287,46103,commune déléguée ou associée
46291,46138,commune déléguée ou associée
46298,46083,commune déléguée ou associée
46300,46033,commune déléguée ou associée
46325,46138,commune déléguée ou associée
46326,46201,événement
46327,46156,commune déléguée ou associée
46331,46268,commune déléguée ou associée
47116,47302,commune déléguée ou associée
47149,47221,commune déléguée ou associée
47153,47246,événement
47166,47302,commune déléguée ou associée
47243,47112,événement
47261,47142,événement
47268,47206,commune déléguée ou associée
47270,47110,événement
47322,47134,commune déléguée ou associée
48006,48012,événement
48011,48034,commune déléguée ou associée
48014,48027,commune déléguée ou associée
48022,48050,événement
48023,48027,commune déléguée ou associée
48024,48012,événement
48033,48017,événement
48035,48034,commune déléguée ou associée
48040,48027,commune déléguée ou associée
48047,48009,commune déléguée ou associée
48049,48099,commune déléguée ou associée
48052,48004,événement
48057,48127,commune déléguée ou associée
48060,48009,commune déléguée ou associée
48062,48105,commune déléguée ou associée
48066,48116,événement
48076,48009,commune déléguée ou associée
48078,48126,commune déléguée ou associée
48084,48139,commune déléguée ou associée
48093,48027,commune déléguée ou associée
48101,48146,commune déléguée ou associée
48102,48034,commune déléguée ou associée
48109,48074,événement
48113,48099,événement
48114,48015,événement
48118,48146,événement
48120,48087,commune déléguée ou associée
48122,48146,commune déléguée ou associée
48125,48094,commune déléguée ou associée
48133,48127,commune déléguée ou associée
48134,48152,commune déléguée ou associée
48142,48009,commune déléguée ou associée
48143,48070,événement
48154,48094,commune déléguée ou associée
48159,48015,événement
48162,48166,commune déléguée ou associée
48164,48027,commune déléguée ou associée
48172,48116,événement
48180,48094,commune déléguée ou associée
48183,48009,commune déléguée ou associée
48184,48038,commune déléguée ou associée
48186,48061,événement
48189,48127,commune déléguée ou associée
48195,48094,commune déléguée ou associée
48196,48039,commune déléguée ou associée
48197,48127,commune déléguée ou associée
49001,49050,commune déléguée ou associée
49004,49307,commune déléguée ou associée
49005,49176,commune déléguée ou associée
49006,49023,commune déléguée ou associée
49013,49228,commune déléguée ou associée
49014,49331,commune déléguée ou associée
49016,49328,commune déléguée ou associée
49019,49307,commune déléguée ou associée
49024,49244,commune déléguée ou associée
49025,49163,commune déléguée ou associée
49031,49018,commune déléguée ou associée
49032,49307,commune déléguée ou associée
49033,49218,commune déléguée ou associée
49034,49244,commune déléguée ou associée
49037,49331,commune déléguée ou associée
49039,49244,commune déléguée ou associée
49040,49126,commune déléguée ou associée
49042,49307,commune déléguée ou associée
49043,49367,commune déléguée ou associée
49044,49228,commune déléguée ou associée
49046,49060,commune déléguée ou associée
49047,49125,commune déléguée ou associée
49049,49138,commune déléguée ou associée
49051,49080,commune déléguée ou associée
49052,49228,commune déléguée ou associée
49059,49373,commune déléguée ou associée
49062,49228,commune déléguée ou associée
49065,49080,commune déléguée ou associée
49066,49345,commune déléguée ou associée
49069,49126,commune déléguée ou associée
49071,49092,commune déléguée ou associée
49072,49023,commune déléguée ou associée
49073,49248,commune déléguée ou associée
49074,49092,commune déléguée ou associée
49075,49244,commune déléguée ou associée
49077,49331,commune déléguée ou associée
49078,49050,commune déléguée ou associée
49079,49018,commune déléguée ou associée
49081,49331,commune déléguée ou associée
49083,49218,commune déléguée ou associée
49084,49163,commune déléguée ou associée
49085,49218,commune déléguée ou associée
49087,49228,commune déléguée ou associée
49088,49248,commune déléguée ou associée
49091,49050,commune déléguée ou associée
49093,49220,commune déléguée ou associée
49094,49261,commune déléguée ou associée
49095,49067,commune déléguée ou associée
49096,49080,commune déléguée ou associée
49097,49018,commune déléguée ou associée
49098,49228,commune déléguée ou associée
49101,49018,commune déléguée ou associée
49103,49248,commune déléguée ou associée
49104,49125,commune déléguée ou associée
49105,49080,commune déléguée ou associée
49106,49307,commune déléguée ou associée
49108,49183,commune déléguée ou associée
49111,49092,commune déléguée ou associée
49115,49050,commune déléguée ou associée
49116,49018,commune déléguée ou associée
49117,49307,commune déléguée ou associée
49118,49328,commune déléguée ou associée
49119,49220,commune déléguée ou associée
49122,49228,commune déléguée ou associée
49124,49125,événement
49128,49018,commune déléguée ou associée
49133,49345,commune déléguée ou associée
49134,49345,commune déléguée ou associée
49136,49331,commune déléguée ou associée
49137,49218,commune déléguée ou associée
49139,49194,commune déléguée ou associée
49141,49125,commune déléguée ou associée
49142,49373,commune déléguée ou associée
49143,49018,commune déléguée ou associée
49144,44180,événement
49145,49218,commune déléguée ou associée
49146,49092,événement
49147,49021,commune déléguée ou associée
49148,49367,commune déléguée ou associée
49149,49261,commune déléguée ou associée
49150,49228,commune déléguée ou associée
49151,49023,commune déléguée ou associée
49152,49029,événement
49153,49092,commune déléguée ou associée
49154,49261,commune déléguée ou associée
49156,49248,commune déléguée ou associée
49157,49018,commune déléguée ou associée
49158,49331,commune déléguée ou associée
49159,49174,commune déléguée ou associée
49162,49023,commune déléguée ou associée
49164,49092,événement
49165,49023,commune déléguée ou associée
49166,49214,événement
49168,49180,commune déléguée ou associée
49169,49092,commune déléguée ou associée
49172,49126,commune déléguée ou associée
49173,49228,commune déléguée ou associée
49175,49228,commune déléguée ou associée
49177,49126,commune déléguée ou associée
49179,49301,commune déléguée ou associée
49181,49003,commune déléguée ou associée
49184,49331,commune déléguée ou associée
49185,49163,commune déléguée ou associée
49186,49050,commune déléguée ou associée
49187,49331,commune déléguée ou associée
49189,49080,commune déléguée ou associée
49190,49244,commune déléguée ou associée
49191,49086,commune déléguée ou associée
49196,49200,commune déléguée ou associée
49197,49228,commune déléguée ou associée
49198,49125,commune déléguée ou associée
49199,49092,commune déléguée ou associée
49202,49228,commune déléguée ou associée
49203,49215,événement
49204,49244,commune déléguée ou associée
49206,49301,commune déléguée ou associée
49207,49125,commune déléguée ou associée
49208,49331,commune déléguée ou associée
49210,49301,événement
49212,49244,commune déléguée ou associée
49213,49018,commune déléguée ou associée
49225,49092,commune déléguée ou associée
49226,49248,commune déléguée ou associée
49227,49086,commune déléguée ou associée
49229,49331,commune déléguée ou associée
49230,49003,commune déléguée ou associée
49232,49373,commune déléguée ou associée
49233,49331,commune déléguée ou associée
49234,49228,commune déléguée ou associée
49238,49323,commune déléguée ou associée
49239,49023,commune déléguée ou associée
49242,49200,commune déléguée ou associée
49243,49023,commune déléguée ou associée
49245,49018,commune déléguée ou associée
49249,49367,commune déléguée ou associée
49250,49248,commune déléguée ou associée
49251,49200,commune déléguée ou associée
49252,49218,commune déléguée ou associée
49254,49080,commune déléguée ou associée
49255,49050,événement
49256,49345,commune déléguée ou associée
49258,49301,commune déléguée ou associée
49263,49301,commune déléguée ou associée
49264,49301,commune déléguée ou associée
49265,49292,commune déléguée ou associée
49268,49092,commune déléguée ou associée
49270,49126,commune déléguée ou associée
49273,49301,commune déléguée ou associée
49274,49060,commune déléguée ou associée
49275,49050,événement
49276,49244,commune déléguée ou associée
49277,49331,commune déléguée ou associée
49279,49261,commune déléguée ou associée
49280,49138,commune déléguée ou associée
49281,49092,commune déléguée ou associée
49282,49125,commune déléguée ou associée
49285,49301,commune déléguée ou associée
49286,49373,commune déléguée ou associée
49287,49328,commune déléguée ou associée
49289,49298,commune déléguée ou associée
49290,49167,commune déléguée ou associée
49293,49328,commune déléguée ou associée
49295,49244,commune déléguée ou associée
49296,49126,commune déléguée ou associée
49297,49244,commune déléguée ou associée
49300,49092,commune déléguée ou associée
49303,49018,commune déléguée ou associée
49304,49261,commune déléguée ou associée
49305,49331,commune déléguée ou associée
49309,49248,commune déléguée ou associée
49312,49023,commune déléguée ou associée
49313,49218,commune déléguée ou associée
49314,49218,commune déléguée ou associée
49315,49018,commune déléguée ou associée
49316,49218,commune déléguée ou associée
49317,49050,commune déléguée ou associée
49318,49050,commune déléguée ou associée
49319,49331,commune déléguée ou associée
49320,49126,commune déléguée ou associée
49321,49160,commune déléguée ou associée
49322,49029,commune déléguée ou associée
49324,49218,commune déléguée ou associée
49325,49092,commune déléguée ou associée
49327,49050,commune déléguée ou associée
49335,49080,commune déléguée ou associée
49337,49377,commune déléguée ou associée
49340,49125,événement
49342,49373,commune déléguée ou associée
49346,49261,commune déléguée ou associée
49348,49373,commune déléguée ou associée
49349,49301,commune déléguée ou associée
49350,49301,commune déléguée ou associée
49351,49092,commune déléguée ou associée
49354,49248,commune déléguée ou associée
49356,49373,commune déléguée ou associée
49357,49261,événement
49360,49126,commune déléguée ou associée
49363,49050,commune déléguée ou associée
49365,49125,commune déléguée ou associée
49366,49248,commune déléguée ou associée
49372,49018,commune déléguée ou associée
49375,49023,commune déléguée ou associée
49376,49183,commune déléguée ou associée
49379,49373,commune déléguée ou associée
49380,49018,commune déléguée ou associée
49382,49160,commune déléguée ou associée
50001,50041,commune déléguée ou associée
50005,50400,événement
50007,50550,commune déléguée ou associée
50009,50565,commune déléguée ou associée
50010,50099,commune déléguée ou associée
50011,50142,événement
50012,50267,événement
50014,50215,commune déléguée ou associée
50015,50272,commune déléguée ou associée
50017,50410,événement
50018,50487,commune déléguée ou associée
50020,50041,commune déléguée ou associée
50035,50236,commune déléguée ou associée
50037,50260,commune déléguée ou associée
50043,50260,commune déléguée ou associée
50047,50188,commune déléguée ou associée
50051,50523,commune déléguée ou associée
50053,50256,commune déléguée ou associée
50056,50359,commune déléguée ou associée
50057,50041,commune déléguée ou associée
50061,50215,commune déléguée ou associée
50063,50236,commune déléguée ou associée
50065,50410,événement
50067,50531,événement
50068,50109,événement
50071,50535,événement
50073,50041,commune déléguée ou associée
50075,50601,commune déléguée ou associée
50080,50099,commune déléguée ou associée
50089,50099,commune déléguée ou associée
50091,50256,événement
50100,50487,commune déléguée ou associée
50103,50523,commune déléguée ou associée
50104,50031,événement
50107,50099,commune déléguée ou associée
50113,50256,commune déléguée ou associée
50114,50115,événement
50116,50565,commune déléguée ou associée
50119,50431,événement
50122,50444,événement
50123,50239,commune déléguée ou associée
50125,50260,commune déléguée ou associée
50127,50523,commune déléguée ou associée
50128,50393,commune déléguée ou associée
50131,50260,commune déléguée ou associée
50132,50168,commune déléguée ou associée
50133,50391,commune déléguée ou associée
50134,50363,commune déléguée ou associée
50136,50273,commune déléguée ou associée
50140,50419,commune déléguée ou associée
50141,50410,événement
50153,50400,événement
50154,50487,commune déléguée ou associée
50157,50410,événement
50160,50412,commune déléguée ou associée
50163,50041,commune déléguée ou associée
50170,50523,commune déléguée ou associée
50171,50041,commune déléguée ou associée
50173,50129,commune déléguée ou associée
50179,50591,commune déléguée ou associée
50180,50592,événement
50187,50041,commune déléguée ou associée
50189,50436,commune déléguée ou associée
50191,50523,commune déléguée ou associée
50201,50629,événement
50202,50601,commune déléguée ou associée
50203,50129,commune déléguée ou associée
50204,50236,commune déléguée ou associée
50206,50597,événement
50211,50142,événement
50212,50400,événement
50213,50546,commune déléguée ou associée
50220,50041,commune déléguée ou associée
50223,50419,commune déléguée ou associée
50224,50601,commune déléguée ou associée
50226,50129,événement
50242,50041,commune déléguée ou associée
50244,50419,commune déléguée ou associée
50245,50591,commune déléguée ou associée
50248,50409,événement
50249,50099,commune déléguée ou associée
50250,50400,événement
50254,50591,commune déléguée ou associée
50255,50419,commune déléguée ou associée
50257,50041,commune déléguée ou associée
50264,50405,événement
50280,50292,commune déléguée ou associée
50284,50410,événement
50286,50256,commune déléguée ou associée
50287,50546,commune déléguée ou associée
50293,50391,commune déléguée ou associée
50301,50197,commune déléguée ou associée
50303,50216,événement
50306,50256,commune déléguée ou associée
50307,50197,événement
50308,50550,commune déléguée ou associée
50309,50188,commune déléguée ou associée
50313,50546,commune déléguée ou associée
50314,50197,événement
50316,50363,commune déléguée ou associée
50318,50260,commune déléguée ou associée
50319,50139,événement
50320,50197,commune déléguée ou associée
50322,50256,commune déléguée ou associée
50323,50260,commune déléguée ou associée
50325,50431,événement
50329,50391,commune déléguée ou associée
50330,50236,commune déléguée ou associée
50331,50410,événement
50333,50400,événement
50337,50487,commune déléguée ou associée
50339,50388,commune déléguée ou associée
50343,50236,commune déléguée ou associée
50344,50256,commune déléguée ou associée
50346,50256,commune déléguée ou associée
50348,50099,commune déléguée ou associée
50354,50215,commune déléguée ou associée
50355,50565,commune déléguée ou associée
50358,50417,événement
50366,50041,événement
50367,50256,commune déléguée ou associée
50375,50142,événement
50377,50590,événement
50380,50492,commune déléguée ou associée
50381,50359,commune déléguée ou associée
50383,50129,événement
50385,50041,commune déléguée ou associée
50386,50041,commune déléguée ou associée
50392,50410,événement
50396,50082,commune déléguée ou associée
50404,50444,commune déléguée ou associée
50406,50535,événement
50414,50492,commune déléguée ou associée
50415,50273,commune déléguée ou associée
50416,50129,commune déléguée ou associée
50418,50082,commune déléguée ou associée
50424,50456,événement
50427,50523,commune déléguée ou associée
50432,50142,événement
50434,50565,commune déléguée ou associée
50438,50550,commune déléguée ou associée
50439,50167,commune déléguée ou associée
50440,50639,commune déléguée ou associée
50441,50492,commune déléguée ou associée
50449,50550,commune déléguée ou associée
50458,50099,commune déléguée ou associée
50459,50502,événement
50460,50041,commune déléguée ou associée
50465,50095,commune déléguée ou associée
50466,50597,événement
50470,50564,commune déléguée ou associée
50477,50041,commune déléguée ou associée
50485,50099,événement
50494,50359,commune déléguée ou associée
50497,50273,commune déléguée ou associée
50501,50493,commune déléguée ou associée
50503,50412,commune déléguée ou associée
50508,50591,commune déléguée ou associée
50515,50484,commune déléguée ou associée
50516,50025,commune déléguée ou associée
50520,50082,commune déléguée ou associée
50524,50550,commune déléguée ou associée
50526,50066,événement
50527,50147,événement
50530,50218,événement
50534,50099,commune déléguée ou associée
50544,50236,commune déléguée ou associée
50545,50546,commune déléguée ou associée
50547,50514,événement
50555,50273,événement
50557,50090,commune déléguée ou associée
50558,50236,commune déléguée ou associée
50559,50444,événement
50560,50502,événement
50561,50493,commune déléguée ou associée
50566,50639,événement
50573,50215,commune déléguée ou associée
50581,50546,commune déléguée ou associée
50583,50197,commune déléguée ou associée
50586,50236,commune déléguée ou associée
50595,50209,événement
50600,50041,commune déléguée ou associée
50602,50129,commune déléguée ou associée
50605,50419,commune déléguée ou associée
50608,50139,événement
50611,50041,commune déléguée ou associée
50614,50082,commune déléguée ou associée
50620,50041,commune déléguée ou associée
50622,50550,commune déléguée ou associée
50623,50041,commune déléguée ou associée
50625,50582,commune déléguée ou associée
50627,50487,commune déléguée ou associée
50630,50410,événement
50631,50099,commune déléguée ou associée
50632,50256,commune déléguée ou associée
50635,50492,commune déléguée ou associée
50636,50099,événement
50638,50359,commune déléguée ou associée
50640,50487,commune déléguée ou associée
50642,50400,événement
50644,50484,commune déléguée ou associée
50645,50142,événement
50646,50082,commune déléguée ou associée
50649,50592,événement
51011,51537,événement
51021,51158,commune déléguée ou associée
51024,51158,commune déléguée ou associée
51026,51025,événement
51063,51457,commune déléguée ou associée
51064,51030,commune déléguée ou associée
51067,51277,événement
51096,51270,événement
51114,51269,événement
51123,51269,événement
51131,51132,événement
51159,51298,événement
51180,51380,événement
51189,51571,événement
51205,51485,commune déléguée ou associée
51207,51211,événement
51209,51228,événement
51221,51380,événement
51257,51244,événement
51261,51075,commune déléguée ou associée
51271,51612,commune déléguée ou associée
51297,51659,événement
51330,51326,événement
51331,51564,commune déléguée ou associée
51332,51381,événement
51335,51380,événement
51347,51030,commune déléguée ou associée
51366,51368,événement
51383,51158,commune déléguée ou associée
51385,51440,événement
51394,51046,événement
51400,51017,événement
51401,51454,événement
51405,51248,commune déléguée ou associée
51408,51277,événement
51411,51612,commune déléguée ou associée
51427,51553,événement
51462,51470,événement
51467,51218,événement
51481,51071,événement
51494,52182,commune déléguée ou associée
51540,51264,événement
51541,51217,événement
51554,51555,événement
51561,51544,événement
51575,51611,commune déléguée ou associée
51593,51214,événement
51606,51235,événement
51615,51244,événement
51637,51457,commune déléguée ou associée
51651,51612,commune déléguée ou associée
51653,51648,événement
51661,51571,événement
51664,51171,commune déléguée ou associée
52010,52088,commune déléguée ou associée
52018,52140,commune déléguée ou associée
52020,52273,commune déléguée ou associée
52024,52405,événement
52026,52187,événement
52032,52497,commune déléguée ou associée
52036,52449,commune déléguée ou associée
52041,52400,commune déléguée ou associée
52046,52187,événement
52048,52194,événement
52049,52140,commune déléguée ou associée
52052,52140,commune déléguée ou associée
52054,52008,commune déléguée ou associée
52068,52182,commune déléguée ou associée
52071,52491,commune déléguée ou associée
52073,52123,commune déléguée ou associée
52077,52197,commune déléguée ou associée
52078,52121,commune déléguée ou associée
52080,52491,commune déléguée ou associée
52081,52426,commune déléguée ou associée
52086,52211,événement
52096,52125,événement
52098,52431,événement
52100,52140,commune déléguée ou associée
52111,52432,commune déléguée ou associée
52112,52197,commune déléguée ou associée
52117,52189,commune déléguée ou associée
52139,52074,commune déléguée ou associée
52143,52083,commune déléguée ou associée
52144,52269,commune déléguée ou associée
52148,52450,événement
52150,52189,commune déléguée ou associée
52152,52405,événement
52153,52114,commune déléguée ou associée
52154,52205,commune déléguée ou associée
52166,52126,événement
52176,52353,commune déléguée ou associée
52180,52411,commune déléguée ou associée
52186,52332,commune déléguée ou associée
52188,52450,événement
52191,52353,commune déléguée ou associée
52192,52114,commune déléguée ou associée
52202,52497,commune déléguée ou associée
52209,52377,commune déléguée ou associée
52210,70122,commune déléguée ou associée
52215,52060,commune déléguée ou associée
52224,52064,commune déléguée ou associée
52225,52064,commune déléguée ou associée
52226,52265,commune déléguée ou associée
52236,52288,commune déléguée ou associée
52238,52140,commune déléguée ou associée
52239,52529,commune déléguée ou associée
52241,52448,événement
52252,52246,commune déléguée ou associée
52255,52061,événement
52259,52251,commune déléguée ou associée
52261,52094,commune déléguée ou associée
52262,52140,commune déléguée ou associée
52263,52173,commune déléguée ou associée
52268,52288,commune déléguée ou associée
52270,52432,commune déléguée ou associée
52279,52140,commune déléguée ou associée
52281,52332,commune déléguée ou associée
52283,52332,commune déléguée ou associée
52293,52411,commune déléguée ou associée
52296,52411,commune déléguée ou associée
52299,52456,commune déléguée ou associée
52309,52058,commune déléguée ou associée
52314,52114,commune déléguée ou associée
52317,52332,commune déléguée ou associée
52323,52332,événement
52324,52074,commune déléguée ou associée
52329,52388,commune déléguée ou associée
52333,52242,commune déléguée ou associée
52334,52158,événement
52338,52114,événement
52339,52469,commune déléguée ou associée
52340,52405,commune déléguée ou associée
52343,52128,événement
52345,52094,commune déléguée ou associée
52351,52064,commune déléguée ou associée
52361,52353,commune déléguée ou associée
52368,52274,commune déléguée ou associée
52379,52187,commune déléguée ou associée
52381,52292,événement
52382,52158,événement
52387,52529,commune déléguée ou associée
52389,52384,commune déléguée ou associée
52402,52529,commune déléguée ou associée
52404,52140,commune déléguée ou associée
52408,52265,commune déléguée ou associée
52409,52211,commune déléguée ou associée
52410,52332,commune déléguée ou associée
52412,52050,commune déléguée ou associée
52417,52332,commune déléguée ou associée
52418,52332,commune déléguée ou associée
52427,52331,commune déléguée ou associée
52430,52044,événement
52434,52058,commune déléguée ou associée
52435,52242,commune déléguée ou associée
52441,52479,commune déléguée ou associée
52451,52031,commune déléguée ou associée
52454,52529,commune déléguée ou associée
52458,52526,événement
52460,52251,commune déléguée ou associée
52462,52177,commune déléguée ou associée
52466,52088,commune déléguée ou associée
52471,52464,événement
52477,52118,commune déléguée ou associée
52478,52123,commune déléguée ou associée
52481,52491,commune déléguée ou associée
52485,52413,événement
52496,52242,commune déléguée ou associée
52498,52432,commune déléguée ou associée
52501,52031,commune déléguée ou associée
52508,52544,commune déléguée ou associée
52509,52405,commune déléguée ou associée
52521,52383,commune déléguée ou associée
52527,52060,commune déléguée ou associée
52530,52094,commune déléguée ou associée
52531,52094,commune déléguée ou associée
52532,52497,commune déléguée ou associée
52533,52178,commune déléguée ou associée
52537,52230,commune déléguée ou associée
53004,53124,commune déléguée ou associée
53006,53029,commune déléguée ou associée
53014,53062,commune déléguée ou associée
53020,53127,événement
53024,53062,événement
53032,53228,commune déléguée ou associée
53044,53118,commune déléguée ou associée
53050,53255,commune déléguée ou associée
53060,53121,événement
53065,53097,commune déléguée ou associée
53070,53003,événement
53081,53127,événement
53092,53161,commune déléguée ou associée
53095,53017,commune déléguée ou associée
53138,53104,commune déléguée ou associée
53149,53127,événement
53159,53161,commune déléguée ou associée
53166,53127,événement
53167,53262,événement
53171,53133,événement
53183,53160,événement
53194,53137,commune déléguée ou associée
53205,53161,commune déléguée ou associée
53207,53097,commune déléguée ou associée
53215,53062,commune déléguée ou associée
53217,53186,événement
53227,53103,événement
53231,53029,commune déléguée ou associée
53239,53249,commune déléguée ou associée
53241,53029,commune déléguée ou associée
53244,53161,commune déléguée ou associée
53252,53185,commune déléguée ou associée
53254,53136,commune déléguée ou associée
53268,53079,événement
53274,53249,commune déléguée ou associée
53275,53265,événement
54267,54010,événement
54319,54059,événement
54341,54099,commune déléguée ou associée
54342,54099,commune déléguée ou associée
54347,54059,événement
54361,54128,événement
54384,54059,événement
54503,54059,événement
54506,54557,commune déléguée ou associée
55003,55229,événement
55006,55040,commune déléguée ou associée
55016,55184,commune déléguée ou associée
55019,55388,commune déléguée ou associée
55020,55117,commune déléguée ou associée
55030,55150,commune déléguée ou associée
55052,55551,commune déléguée ou associée
55056,55385,commune déléguée ou associée
55074,55229,événement
55086,55389,commune déléguée ou associée
55090,55366,événement
55091,55457,événement
55092,55093,commune déléguée ou associée
55098,55473,événement
55112,55358,commune déléguée ou associée
55126,55258,commune déléguée ou associée
55130,55132,événement
55131,55518,commune déléguée ou associée
55135,55341,événement
55136,55551,commune déléguée ou associée
55147,55094,événement
55151,55274,commune déléguée ou associée
55152,55040,commune déléguée ou associée
55161,55179,commune déléguée ou associée
55164,55537,commune déléguée ou associée
55176,55442,commune déléguée ou associée
55187,55341,événement
55190,55389,commune déléguée ou associée
55203,55123,commune déléguée ou associée
55205,55026,commune déléguée ou associée
55209,55145,événement
55213,55258,commune déléguée ou associée
55223,55267,commune déléguée ou associée
55227,54602,événement
55230,55571,commune déléguée ou associée
55231,55123,commune déléguée ou associée
55233,55551,commune déléguée ou associée
55234,55551,commune déléguée ou associée
55235,55500,commune déléguée ou associée
55238,55267,commune déléguée ou associée
55240,55002,commune déléguée ou associée
55249,55500,commune déléguée ou associée
55259,55117,commune déléguée ou associée
55273,55386,commune déléguée ou associée
55277,55410,événement
55283,55274,commune déléguée ou associée
55287,55276,commune déléguée ou associée
55294,55012,commune déléguée ou associée
55305,55123,commune déléguée ou associée
55308,55179,commune déléguée ou associée
55309,55215,commune déléguée ou associée
55314,55114,commune déléguée ou associée
55318,55123,commune déléguée ou associée
55319,55012,commune déléguée ou associée
55337,55060,événement
55342,55254,commune déléguée ou associée
55354,55060,événement
55390,55358,commune déléguée ou associée
55392,55500,commune déléguée ou associée
55393,55191,commune déléguée ou associée
55402,55117,commune déléguée ou associée
55413,55497,commune déléguée ou associée
55417,55085,événement
55418,55500,commune déléguée ou associée
55432,55254,commune déléguée ou associée
55440,55369,événement
55441,55148,commune déléguée ou associée
55451,55012,commune déléguée ou associée
55455,55551,commune déléguée ou associée
55478,55530,événement
55480,55517,commune déléguée ou associée
55483,55530,événement
55486,55040,commune déléguée ou associée
55491,55423,commune déléguée ou associée
55499,55274,commune déléguée ou associée
55513,55215,commune déléguée ou associée
55524,55573,événement
55529,55366,événement
55538,55472,commune déléguée ou associée
55539,55472,commune déléguée ou associée
55542,55186,commune déléguée ou associée
55548,55184,commune déléguée ou associée
55550,55551,commune déléguée ou associée
55558,55184,commune déléguée ou associée
55564,55060,événement
55576,55457,événement
55585,55093,commune déléguée ou associée
56016,56173,événement
56037,56197,commune déléguée ou associée
56038,56061,commune déléguée ou associée
56049,56213,commune déléguée ou associée
56059,56102,commune déléguée ou associée
56064,56061,commune déléguée ou associée
56095,56121,événement
56138,56165,événement
56142,56144,commune déléguée ou associée
56150,56251,événement
56183,56033,commune déléguée ou associée
56187,56197,commune déléguée ou associée
56192,56144,commune déléguée ou associée
56217,56198,événement
56235,56198,événement
57005,57605,événement
57023,57086,commune déléguée ou associée
57068,57262,événement
57078,57680,événement
57094,57463,événement
57135,57209,commune déléguée ou associée
57157,57132,commune déléguée ou associée
57164,57572,événement
57170,57133,événement
57184,57021,commune déléguée ou associée
57185,57606,événement
57223,57631,événement
57243,57672,événement
57279,57252,événement
57285,57097,commune déléguée ou associée
57327,57630,événement
57363,57270,événement
57369,57672,événement
57378,57155,commune déléguée ou associée
57400,57151,événement
57420,57150,événement
57429,57463,événement
57432,57148,commune déléguée ou associée
57435,57019,événement
57450,57306,événement
57458,57240,événement
57503,57631,événement
57522,57672,événement
57523,57482,événement
57585,57439,événement
57608,57542,événement
57632,57250,événement
57646,57124,événement
57688,57463,événement
57699,57695,événement
57710,57672,événement
57722,57578,commune déléguée ou associée
57729,57672,événement
57735,57204,événement
57744,57631,événement
57758,57757,événement
57766,57306,événement
58022,58204,commune déléguée ou associée
58091,58086,commune déléguée ou associée
58100,58026,commune déléguée ou associée
58167,58026,commune déléguée ou associée
59020,59009,événement
59030,59139,événement
59040,59033,événement
59070,59006,commune déléguée ou associée
59095,59094,événement
59154,59588,commune déléguée ou associée
59235,59009,événement
59245,59567,événement
59248,59183,commune déléguée ou associée
59298,59350,commune déléguée ou associée
59355,59350,commune déléguée ou associée
59362,59053,événement
59373,59183,événement
59376,59501,événement
59380,59183,commune déléguée ou associée
59404,59260,commune déléguée ou associée
59417,59122,événement
59460,59183,événement
59510,59183,événement
59540,59183,commune déléguée ou associée
59561,59631,événement
59621,59574,événement
59644,59643,événement
60018,60088,événement
60038,60256,commune déléguée ou associée
60080,60209,commune déléguée ou associée
60096,60245,commune déléguée ou associée
60202,60537,événement
60246,60088,événement
60266,60133,événement
60300,60209,commune déléguée ou associée
60349,60395,événement
60384,60057,événement
60417,60570,commune déléguée ou associée
60419,60374,événement
60453,60196,événement
60455,60694,commune déléguée ou associée
60467,60057,événement
60475,60682,événement
60532,60196,événement
60580,60057,événement
60606,60509,événement
60607,60668,événement
60649,60029,événement
60690,60644,événement
60696,60057,événement
61003,61167,commune déléguée ou associée
61004,61168,commune déléguée ou associée
61009,61474,commune déléguée ou associée
61016,61491,commune déléguée ou associée
61017,61275,commune déléguée ou associée
61019,61474,commune déléguée ou associée
61022,61483,événement
61025,61211,commune déléguée ou associée
61027,61153,commune déléguée ou associée
61031,61486,commune déléguée ou associée
61033,61211,commune déléguée ou associée
61042,61345,événement
61045,61491,commune déléguée ou associée
61047,61167,commune déléguée ou associée
61057,61474,commune déléguée ou associée
61058,61007,commune déléguée ou associée
61059,61491,commune déléguée ou associée
61065,61491,commune déléguée ou associée
61073,61007,commune déléguée ou associée
61083,61474,commune déléguée ou associée
61090,61491,commune déléguée ou associée
61106,61339,commune déléguée ou associée
61109,61292,commune déléguée ou associée
61110,61474,commune déléguée ou associée
61112,61309,commune déléguée ou associée
61115,61116,commune déléguée ou associée
61119,61309,événement
61125,61116,commune déléguée ou associée
61127,61153,commune déléguée ou associée
61128,61050,événement
61131,61474,commune déléguée ou associée
61132,61189,événement
61134,61029,événement
61135,61096,commune déléguée ou associée
61136,61167,commune déléguée ou associée
61144,61309,commune déléguée ou associée
61147,61345,événement
61154,61196,commune déléguée ou associée
61155,61324,commune déléguée ou associée
61157,61474,commune déléguée ou associée
61161,61474,commune déléguée ou associée
61172,61228,commune déléguée ou associée
61173,61153,commune déléguée ou associée
61174,61339,commune déléguée ou associée
61175,61341,événement
61177,61486,commune déléguée ou associée
61179,61339,commune déléguée ou associée
61184,61167,commune déléguée ou associée
61185,61484,commune déléguée ou associée
61186,61096,commune déléguée ou associée
61188,61275,commune déléguée ou associée
61191,61167,commune déléguée ou associée
61192,61275,commune déléguée ou associée
61200,61096,commune déléguée ou associée
61201,61145,commune déléguée ou associée
61204,61484,commune déléguée ou associée
61205,61167,commune déléguée ou associée
61220,61230,commune déléguée ou associée
61223,61486,commune déléguée ou associée
61226,61491,commune déléguée ou associée
61231,61228,commune déléguée ou associée
61235,61211,commune déléguée ou associée
61236,61153,commune déléguée ou associée
61239,61211,commune déléguée ou associée
61245,61050,événement
61246,61484,commune déléguée ou associée
61247,61230,commune déléguée ou associée
61249,61375,commune déléguée ou associée
61250,61230,commune déléguée ou associée
61253,61081,commune déléguée ou associée
61254,61167,événement
61270,61339,commune déléguée ou associée
61280,61230,commune déléguée ou associée
61282,61167,commune déléguée ou associée
61285,61194,commune déléguée ou associée
61296,61230,commune déléguée ou associée
61299,61429,commune déléguée ou associée
61305,61230,commune déléguée ou associée
61306,61081,commune déléguée ou associée
61310,61275,commune déléguée ou associée
61311,61429,commune déléguée ou associée
61312,61422,événement
61313,61007,commune déléguée ou associée
61315,61474,commune déléguée ou associée
61318,61196,commune déléguée ou associée
61320,61460,commune déléguée ou associée
61325,61196,commune déléguée ou associée
61334,61339,événement
61335,61491,commune déléguée ou associée
61337,61309,commune déléguée ou associée
61338,61491,commune déléguée ou associée
61340,61339,commune déléguée ou associée
61343,61491,commune déléguée ou associée
61353,61007,commune déléguée ou associée
61354,61339,commune déléguée ou associée
61355,61145,commune déléguée ou associée
61356,61484,commune déléguée ou associée
61359,61484,commune déléguée ou associée
61364,61339,commune déléguée ou associée
61368,61309,commune déléguée ou associée
61377,61486,commune déléguée ou associée
61378,61339,commune déléguée ou associée
61380,61211,commune déléguée ou associée
61383,61228,commune déléguée ou associée
61403,61294,commune déléguée ou associée
61409,61309,commune déléguée ou associée
61410,61486,commune déléguée ou associée
61417,61375,commune déléguée ou associée
61428,61463,commune déléguée ou associée
61430,61050,événement
61431,61483,commune déléguée ou associée
61434,61167,commune déléguée ou associée
61437,61196,commune déléguée ou associée
61441,61153,commune déléguée ou associée
61449,61474,commune déléguée ou associée
61455,61324,commune déléguée ou associée
61458,61230,commune déléguée ou associée
61465,61007,commune déléguée ou associée
61468,61194,commune déléguée ou associée
61469,61211,commune déléguée ou associée
61470,61153,commune déléguée ou associée
61471,61196,commune déléguée ou associée
61477,61474,commune déléguée ou associée
61478,61007,commune déléguée ou associée
61489,61007,commune déléguée ou associée
61495,61432,événement
61496,61474,commune déléguée ou associée
61504,61474,commune déléguée ou associée
61506,61167,commune déléguée ou associée
61509,61341,événement
61511,61375,commune déléguée ou associée
61513,61486,commune déléguée ou associée
62098,62427,événement
62110,62473,commune déléguée ou associée
62136,62137,événement
62159,62661,événement
62210,62154,événement
62226,62691,événement
62287,62552,événement
62294,62295,commune déléguée ou associée
62305,62834,événement
62394,62827,événement
62417,62631,événement
62420,62683,événement
62431,62471,commune déléguée ou associée
62461,62447,commune déléguée ou associée
62482,62178,commune déléguée ou associée
62549,62447,commune déléguée ou associée
62575,62473,commune déléguée ou associée
62687,62693,événement
62707,62706,événement
62743,62447,commune déléguée ou associée
62807,62757,événement
62884,62008,événement
63018,63160,commune déléguée ou associée
63068,63244,événement
63078,63448,commune déléguée ou associée
63127,63335,événement
63133,63226,commune déléguée ou associée
63217,63303,événement
63266,63255,événement
63316,63038,commune déléguée ou associée
63330,63109,commune déléguée ou associée
63361,63103,événement
64020,64225,commune déléguée ou associée
64030,64396,commune déléguée ou associée
64055,64064,commune déléguée ou associée
64076,64300,événement
64163,64010,commune déléguée ou associée
64164,64148,commune déléguée ou associée
64169,64168,commune déléguée ou associée
64248,64396,commune déléguée ou associée
64278,64049,commune déléguée ou associée
64333,64396,commune déléguée ou associée
64384,64148,commune déléguée ou associée
64402,64440,événement
64497,64430,commune déléguée ou associée
64541,64300,commune déléguée ou associée
64553,64113,commune déléguée ou associée
65008,65141,commune déléguée ou associée
65027,65282,commune déléguée ou associée
65030,65247,événement
65122,65092,commune déléguée ou associée
65152,65348,événement
65188,65192,commune déléguée ou associée
65227,65099,commune déléguée ou associée
65246,65054,commune déléguée ou associée
65302,65032,événement
65312,65081,événement
65365,65003,commune déléguée ou associée
65434,65388,événement
65480,65399,événement
66031,66025,événement
66087,66106,événement
66110,66003,événement
66135,66127,événement
66163,66106,événement
66200,66010,événement
66229,66005,événement
67007,67544,commune déléguée ou associée
67014,67418,commune déléguée ou associée
67015,67452,commune déléguée ou associée
67024,67495,commune déléguée ou associée
67041,67004,commune déléguée ou associée
67042,67104,commune déléguée ou associée
67064,67074,commune déléguée ou associée
67114,67176,commune déléguée ou associée
67157,67034,commune déléguée ou associée
67158,67539,commune déléguée ou associée
67170,67176,commune déléguée ou associée
67171,67061,commune déléguée ou associée
67175,67174,événement
67193,67206,commune déléguée ou associée
67207,67539,commune déléguée ou associée
67211,67474,commune déléguée ou associée
67219,67061,commune déléguée ou associée
67224,67442,commune déléguée ou associée
67243,67452,commune déléguée ou associée
67251,67339,commune déléguée ou associée
67262,67206,commune déléguée ou associée
67284,67263,commune déléguée ou associée
67294,67160,commune déléguée ou associée
67297,67539,commune déléguée ou associée
67316,67388,commune déléguée ou associée
67318,67228,événement
67323,67339,événement
67332,67351,commune déléguée ou associée
67357,67485,événement
67374,67495,commune déléguée ou associée
67376,67435,commune déléguée ou associée
67390,67339,commune déléguée ou associée
67393,67034,commune déléguée ou associée
67399,67061,commune déléguée ou associée
67402,67372,événement
67419,67034,commune déléguée ou associée
67431,67004,commune déléguée ou associée
67439,67202,commune déléguée ou associée
67457,67339,commune déléguée ou associée
67469,67004,commune déléguée ou associée
67496,67372,événement
67512,67372,événement
67518,67122,événement
67533,67530,commune déléguée ou associée
67549,67532,commune déléguée ou associée
67560,67153,commune déléguée ou associée
67561,67435,commune déléguée ou associée
67562,67347,commune déléguée ou associée
68003,68106,événement
68031,68006,commune déléguée ou associée
68047,68297,événement
68048,68224,événement
68053,68081,événement
68070,68056,commune déléguée ou associée
68108,68240,événement
68133,68240,événement
68164,68162,commune déléguée ou associée
68206,68012,commune déléguée ou associée
68220,68221,événement
68233,68201,commune déléguée ou associée
68236,68216,événement
68272,68143,commune déléguée ou associée
68310,68162,commune déléguée ou associée
68314,68219,commune déléguée ou associée
68319,68320,événement
68339,68018,événement
68346,68192,événement
68369,68145,événement
69011,69172,événement
69015,69135,commune déléguée ou associée
69025,69248,commune déléguée ou associée
69041,69248,commune déléguée ou associée
69048,69179,commune déléguée ou associée
69073,69157,commune déléguée ou associée
69079,69165,événement
69101,69114,commune déléguée ou associée
69128,69248,commune déléguée ou associée
69129,69248,commune déléguée ou associée
69144,69208,commune déléguée ou associée
69146,69024,commune déléguée ou associée
69147,69157,commune déléguée ou associée
69150,69135,commune déléguée ou associée
69152,69149,commune déléguée ou associée
69158,69066,commune déléguée ou associée
69159,69114,commune déléguée ou associée
69185,69135,commune déléguée ou associée
69195,69228,commune déléguée ou associée
69210,69135,commune déléguée ou associée
69211,69019,commune déléguée ou associée
69213,69179,commune déléguée ou associée
69221,69255,événement
69222,69024,commune déléguée ou associée
69223,69157,commune déléguée ou associée
69224,69135,commune déléguée ou associée
69226,69091,événement
69232,69123,événement
69237,69228,commune déléguée ou associée
69247,69066,commune déléguée ou associée
69251,69135,commune déléguée ou associée
69262,69066,événement
69274,69286,événement
70033,70059,commune déléguée ou associée
70034,70101,commune déléguée ou associée
70068,70373,commune déléguée ou associée
70073,70004,événement
70108,70285,commune déléguée ou associée
70110,70285,événement
70123,70122,commune déléguée ou associée
70131,70492,commune déléguée ou associée
70139,70283,événement
70161,70195,événement
70173,70477,commune déléguée ou associée
70191,70492,commune déléguée ou associée
70209,70528,événement
70212,70441,événement
70223,70031,commune déléguée ou associée
70241,70447,commune déléguée ou associée
70246,70247,commune déléguée ou associée
70264,70180,commune déléguée ou associée
70266,70002,événement
70270,70477,événement
70281,70418,commune déléguée ou associée
70300,70122,commune déléguée ou associée
70333,70122,commune déléguée ou associée
70345,70489,commune déléguée ou associée
70346,70487,commune déléguée ou associée
70354,70122,commune déléguée ou associée
70365,70252,événement
70370,70101,commune déléguée ou associée
70375,70491,événement
70377,70466,événement
70379,70525,événement
70382,70122,commune déléguée ou associée
70391,70292,commune déléguée ou associée
70424,70197,événement
70434,70058,commune déléguée ou associée
70458,70247,commune déléguée ou associée
70465,70373,commune déléguée ou associée
70475,70245,commune déléguée ou associée
70495,70373,événement
70497,70285,commune déléguée ou associée
70508,70197,événement
70530,70180,commune déléguée ou associée
70543,70309,événement
70551,70418,commune déléguée ou associée
70556,70456,événement
70557,70152,commune déléguée ou associée
70570,70045,commune déléguée ou associée
71049,71294,événement
71053,71490,événement
71055,71134,commune déléguée ou associée
71083,71193,événement
71114,71263,événement
71131,71566,événement
71138,71578,événement
71180,71582,commune déléguée ou associée
71197,71270,événement
71211,71443,événement
71260,71270,commune déléguée ou associée
71265,71204,événement
71288,71582,commune déléguée ou associée
71298,71178,événement
71304,71134,commune déléguée ou associée
71375,71279,commune déléguée ou associée
71418,71557,événement
71429,71076,événement
71432,71270,commune déléguée ou associée
71467,71014,événement
71476,71481,événement
71492,71042,commune déléguée ou associée
71511,71270,commune déléguée ou associée
71536,71351,événement
71560,71101,événement
71569,71584,événement
71575,71176,événement
71587,71582,commune déléguée ou associée
72014,72039,événement
72030,72002,événement
72033,72219,événement
72055,72276,événement
72063,72262,commune déléguée ou associée
72069,72137,commune déléguée ou associée
72081,72080,commune déléguée ou associée
72082,72308,commune déléguée ou associée
72092,72276,événement
72097,72138,commune déléguée ou associée
72108,72025,commune déléguée ou associée
72116,72189,événement
72117,72176,commune déléguée ou associée
72140,72264,événement
72159,72262,commune déléguée ou associée
72162,72137,commune déléguée ou associée
72203,72071,commune déléguée ou associée
72206,72241,événement
72207,72137,commune déléguée ou associée
72240,72262,commune déléguée ou associée
72242,72196,événement
72258,72137,commune déléguée ou associée
72263,72048,événement
72284,72138,commune déléguée ou associée
72285,72154,événement
72287,72155,événement
72288,72363,événement
72298,72382,commune déléguée ou associée
72301,72023,événement
72304,72128,commune déléguée ou associée
72318,72137,commune déléguée ou associée
72365,72317,événement
72371,72154,événement
72384,72071,commune déléguée ou associée
73002,73212,commune déléguée ou associée
73009,73173,événement
73016,73010,événement
73035,73261,commune déléguée ou associée
73037,73003,événement
73038,73150,commune déléguée ou associée
73044,73065,événement
73045,73003,commune déléguée ou associée
73046,73187,commune déléguée ou associée
73056,73290,commune déléguée ou associée
73060,73187,commune déléguée ou associée
73062,73010,commune déléguée ou associée
73066,73065,événement
73080,73135,commune déléguée ou associée
73093,73150,commune déléguée ou associée
73102,73187,commune déléguée ou associée
73108,73010,commune déléguée ou associée
73111,73215,commune déléguée ou associée
73112,73187,commune déléguée ou associée
73115,73284,commune déléguée ou associée
73118,73151,commune déléguée ou associée
73125,73003,événement
73126,73006,commune déléguée ou associée
73127,73236,commune déléguée ou associée
73134,73054,événement
73136,73303,événement
73143,73290,commune déléguée ou associée
73144,73290,commune déléguée ou associée
73148,73006,commune déléguée ou associée
73158,73010,commune déléguée ou associée
73163,73235,commune déléguée ou associée
73165,73250,événement
73167,73235,commune déléguée ou associée
73169,73006,commune déléguée ou associée
73172,73135,événement
73174,73013,commune déléguée ou associée
73185,73187,commune déléguée ou associée
73195,73303,événement
73198,73227,événement
73199,73187,commune déléguée ou associée
73203,73135,commune déléguée ou associée
73209,73187,commune déléguée ou associée
73238,73010,commune déléguée ou associée
73239,73010,commune déléguée ou associée
73244,73257,commune déléguée ou associée
73251,73257,événement
73260,73236,commune déléguée ou associée
73264,73263,événement
73266,73003,commune déléguée ou associée
73279,73011,événement
73287,73290,commune déléguée ou associée
73291,73006,commune déléguée ou associée
73295,73261,commune déléguée ou associée
73305,73150,commune déléguée ou associée
73319,73003,événement
73321,73257,commune déléguée ou associée
73325,73006,commune déléguée ou associée
74011,74010,commune déléguée ou associée
74017,74077,événement
74022,74282,commune déléguée ou associée
74023,74006,événement
74028,74010,événement
74039,74095,événement
74047,74043,événement
74084,74167,commune déléguée ou associée
74092,74042,événement
74093,74010,commune déléguée ou associée
74110,74212,événement
74113,74220,commune déléguée ou associée
74115,74185,événement
74120,74282,commune déléguée ou associée
74125,74010,événement
74132,74014,événement
74149,74040,événement
74181,74112,événement
74182,74010,commune déléguée ou associée
74187,74275,commune déléguée ou associée
74204,74282,commune déléguée ou associée
74207,74250,événement
74214,74042,événement
74217,74010,commune déléguée ou associée
74227,74289,événement
74230,74043,événement
74245,74282,commune déléguée ou associée
74246,74256,événement
74247,74250,événement
74248,74236,événement
74251,74256,événement
74268,74010,commune déléguée ou associée
74270,74123,événement
74274,74289,événement
74277,74243,événement
74300,74010,événement
75001,94002,événement
75002,92002,événement
75003,94003,événement
75004,92004,événement
75005,93001,événement
75006,93006,événement
75007,92007,événement
75008,93008,événement
75009,92009,événement
75010,93010,événement
75011,94011,événement
75012,92012,événement
75013,93013,événement
75014,92014,événement
75015,94015,événement
75016,94016,événement
75017,94017,événement
75018,94018,événement
75019,92019,événement
75020,92020,événement
75021,94021,événement
75022,94022,événement
75023,92023,événement
75024,92024,événement
75025,92025,événement
75026,92026,événement
75027,93027,événement
75028,94028,événement
75029,93029,événement
75030,93030,événement
75031,93031,événement
75032,92032,événement
75033,94033,événement
75034,94034,événement
75035,92035,événement
75036,92036,événement
75037,94037,événement
75038,94038,événement
75039,93039,événement
75040,92040,événement
75041,94041,événement
75042,94042,événement
75043,94043,événement
75044,92044,événement
75045,93045,événement
75046,94046,événement
75047,92046,événement
75048,93048,événement
75049,92049,événement
75050,92050,événement
75051,92051,événement
75052,94052,événement
75053,93053,événement
75054,94054,événement
75055,93055,événement
75057,93057,événement
75058,94058,événement
75059,93066,événement
75060,92060,événement
75061,93061,événement
75062,92062,événement
75063,93063,événement
75064,93064,événement
75065,94065,événement
75066,93066,événement
75067,94067,événement
75068,94068,événement
75069,94069,événement
75070,93070,événement
75071,92071,événement
75072,93072,événement
75073,92073,événement
75074,94073,événement
75075,92075,événement
75076,94076,événement
75077,93077,événement
75078,92078,événement
75079,93079,événement
75080,94080,événement
75081,94081,événement
76003,76020,commune déléguée ou associée
76027,76618,commune déléguée ou associée
76031,76476,commune déléguée ou associée
76037,76618,commune déléguée ou associée
76044,76258,commune déléguée ou associée
76061,76344,événement
76073,76618,commune déléguée ou associée
76078,76258,commune déléguée ou associée
76080,76258,commune déléguée ou associée
76081,76618,commune déléguée ou associée
76089,76289,événement
76098,76618,commune déléguée ou associée
76102,76351,événement
76127,76146,commune déléguée ou associée
76137,76618,commune déléguée ou associée
76145,76618,commune déléguée ou associée
76150,76732,événement
76191,76034,commune déléguée ou associée
76215,76618,commune déléguée ou associée
76246,76122,événement
76248,76146,commune déléguée ou associée
76256,76018,événement
76267,76289,événement
76277,76276,commune déléguée ou associée
76301,76618,commune déléguée ou associée
76310,76618,commune déléguée ou associée
76326,76618,commune déléguée ou associée
76337,76618,commune déléguée ou associée
76358,76455,commune déléguée ou associée
76376,76618,commune déléguée ou associée
76444,76289,événement
76466,76217,commune déléguée ou associée
76496,76618,commune déléguée ou associée
76525,76258,commune déléguée ou associée
76539,76351,commune déléguée ou associée
76579,76063,événement
76607,76258,commune déléguée ou associée
76625,76401,commune déléguée ou associée
76633,76475,événement
76639,76258,commune déléguée ou associée
76643,76618,commune déléguée ou associée
76659,76164,commune déléguée ou associée
76661,76351,événement
76674,76034,commune déléguée ou associée
76687,76018,événement
76696,76618,commune déléguée ou associée
76701,76476,commune déléguée ou associée
76704,76618,commune déléguée ou associée
76713,76476,commune déléguée ou associée
76722,76018,événement
76729,76041,commune déléguée ou associée
76742,76164,commune déléguée ou associée
77017,77211,événement
77028,77433,événement
77064,77494,événement
77074,77223,événement
77092,77142,événement
77105,77335,événement
77149,77109,événement
77160,77159,événement
77166,77316,commune déléguée ou associée
77170,77316,commune déléguée ou associée
77189,77262,commune déléguée ou associée
77213,77175,événement
77299,77316,commune déléguée ou associée
77324,77093,commune déléguée ou associée
77334,77264,événement
77346,77264,événement
77351,77010,commune déléguée ou associée
77362,77066,événement
77375,77261,commune déléguée ou associée
77399,77504,commune déléguée ou associée
77422,77026,événement
77488,77129,événement
77491,77316,commune déléguée ou associée
77497,77421,commune déléguée ou associée
77499,77031,commune déléguée ou associée
77502,77020,commune déléguée ou associée
77503,77262,événement
78001,91001,événement
78002,95002,événement
78004,94001,événement
78008,95008,événement
78011,95011,événement
78012,95012,événement
78014,95014,événement
78016,91016,événement
78017,91017,événement
78018,95018,événement
78019,95019,événement
78021,91021,événement
78022,91022,événement
78023,95023,événement
78024,95024,événement
78025,95355,événement
78026,95026,événement
78027,91027,événement
78028,95028,événement
78032,93005,événement
78035,91035,événement
78037,91037,événement
78038,91038,événement
78039,95039,événement
78040,95040,événement
78041,91041,événement
78042,95042,événement
78044,91044,événement
78045,91045,événement
78046,95046,événement
78047,91047,événement
78051,95051,événement
78052,95052,événement
78054,95054,événement
78055,95055,événement
78056,95056,événement
78058,95058,événement
78059,95059,événement
78060,95060,événement
78061,95061,événement
78063,95063,événement
78064,91064,événement
78065,95355,événement
78066,93007,événement
78067,91067,événement
78069,91069,événement
78074,95074,événement
78075,91075,événement
78078,95078,événement
78079,91079,événement
78080,91080,événement
78081,91081,événement
78083,94004,événement
78085,91085,événement
78086,91086,événement
78088,95088,événement
78091,95091,événement
78093,91093,événement
78094,95094,événement
78095,91095,événement
78097,91097,événement
78098,91098,événement
78099,91099,événement
78100,91100,événement
78101,95101,événement
78102,95102,événement
78103,91103,événement
78105,91105,événement
78106,91106,événement
78109,91109,événement
78110,95110,événement
78111,91111,événement
78112,91112,événement
78114,91114,événement
78115,91115,événement
78116,95116,événement
78119,95119,événement
78121,91121,événement
78122,91122,événement
78127,95127,événement
78129,91129,événement
78130,91130,événement
78131,91131,événement
78132,91132,événement
78134,95134,événement
78135,91135,événement
78136,91136,événement
78137,91137,événement
78139,95139,événement
78141,95141,événement
78142,95142,événement
78144,95144,événement
78145,91145,événement
78148,91148,événement
78149,95149,événement
78150,95150,événement
78151,95151,événement
78153,92022,événement
78154,95154,événement
78155,94019,événement
78156,91156,événement
78157,95157,événement
78159,91159,événement
78161,91161,événement
78166,95166,événement
78167,93014,événement
78169,95169,événement
78170,95170,événement
78173,91613,événement
78174,91174,événement
78175,91175,événement
78176,95176,événement
78177,95177,événement
78178,93015,événement
78179,91179,événement
78180,91180,événement
78181,95181,événement
78182,91228,événement
78183,95183,événement
78184,91184,événement
78186,91186,événement
78187,78506,événement
78191,91191,événement
78195,91195,événement
78197,95197,événement
78198,91198,événement
78199,95199,événement
78200,91200,événement
78201,91201,événement
78203,95203,événement
78204,91204,événement
78205,95205,événement
78207,91207,événement
78210,95210,événement
78211,95211,événement
78212,95212,événement
78213,95213,événement
78214,95214,événement
78215,91215,événement
78216,91216,événement
78218,95218,événement
78219,95219,événement
78221,91174,événement
78222,91390,événement
78223,91223,événement
78225,91225,événement
78226,91226,événement
78228,91228,événement
78229,95229,événement
78232,91232,événement
78235,91235,événement
78240,91240,événement
78241,95241,événement
78243,91243,événement
78244,91244,événement
78247,91247,événement
78248,91248,événement
78249,91249,événement
78250,95250,événement
78251,78551,commune déléguée ou associée
78252,95252,événement
78253,95253,événement
78254,95254,événement
78256,95256,événement
78257,95257,événement
78258,95258,événement
78259,95040,événement
78260,93032,événement
78266,92033,événement
78268,95268,événement
78270,95270,événement
78271,95271,événement
78272,91272,événement
78273,91273,événement
78274,91274,événement
78275,91275,événement
78277,95277,événement
78279,93033,événement
78280,95280,événement
78282,95169,événement
78284,91284,événement
78286,91286,événement
78287,95287,événement
78288,95288,événement
78292,91292,événement
78293,91293,événement
78294,91294,événement
78295,95295,événement
78298,95298,événement
78301,95301,événement
78303,95303,événement
78304,95304,événement
78306,95306,événement
78308,95308,événement
78309,95309,événement
78312,91312,événement
78313,95313,événement
78315,91315,événement
78316,95316,événement
78318,91318,événement
78319,91319,événement
78323,95323,événement
78326,91326,événement
78328,95328,événement
78330,91330,événement
78331,95331,événement
78332,91332,événement
78333,91333,événement
78336,94044,événement
78338,91338,événement
78339,91339,événement
78340,91340,événement
78341,95341,événement
78342,93046,événement
78345,91345,événement
78347,91347,événement
78348,95348,événement
78351,95351,événement
78352,95352,événement
78353,95353,événement
78355,95355,événement
78357,78193,événement
78359,91359,événement
78360,94047,événement
78363,91363,événement
78365,95365,événement
78369,95369,événement
78370,95370,événement
78371,95371,événement
78373,92047,événement
78374,91374,événement
78375,94048,événement
78376,91376,événement
78377,91377,événement
78378,91378,événement
78379,95379,événement
78386,91386,événement
78387,95387,événement
78388,95388,événement
78390,91390,événement
78392,95392,événement
78393,91393,événement
78394,95394,événement
78395,95395,événement
78399,91399,événement
78400,92048,événement
78405,91405,événement
78408,91408,événement
78409,95409,événement
78411,91411,événement
78412,91412,événement
78414,91414,événement
78419,93047,événement
78421,91421,événement
78422,95422,événement
78424,95424,événement
78425,91425,événement
78426,95426,événement
78427,95427,événement
78428,95428,événement
78429,95429,événement
78430,95430,événement
78432,91432,événement
78433,91433,événement
78434,91434,événement
78435,91435,événement
78436,95436,événement
78438,95438,événement
78441,91441,événement
78445,95445,événement
78446,95446,événement
78447,95447,événement
78448,93049,événement
78449,93050,événement
78450,95450,événement
78452,95452,événement
78453,94053,événement
78454,93051,événement
78456,95456,événement
78457,91457,événement
78458,91458,événement
78459,95459,événement
78461,91461,événement
78462,95462,événement
78463,91463,événement
78467,94055,événement
78468,91468,événement
78469,91469,événement
78471,91471,événement
78473,91473,événement
78476,95476,événement
78477,91477,événement
78479,91479,événement
78480,95480,événement
78482,91482,événement
78483,95483,événement
78485,94056,événement
78487,95487,événement
78488,95488,événement
78489,95489,événement
78491,95491,événement
78492,95492,événement
78493,95493,événement
78494,91494,événement
78495,91495,événement
78496,94059,événement
78500,95500,événement
78503,78320,événement
78504,95504,événement
78507,91507,événement
78508,91508,événement
78509,95509,événement
78510,95510,événement
78511,91511,événement
78512,94060,événement
78514,91514,événement
78515,93062,événement
78519,91519,événement
78521,91521,événement
78523,95523,événement
78524,78158,commune déléguée ou associée
78525,91525,événement
78526,91526,événement
78527,95527,événement
78529,95529,événement
78532,92063,événement
78533,91533,événement
78534,91534,événement
78535,95535,événement
78538,91538,événement
78539,95539,événement
78540,91540,événement
78541,95541,événement
78542,92064,événement
78543,95543,événement
78544,91544,événement
78546,91546,événement
78547,91547,événement
78549,91549,événement
78552,91552,événement
78553,91553,événement
78554,95554,événement
78555,95555,événement
78556,91556,événement
78560,91560,événement
78563,95563,événement
78566,95566,événement
78568,91568,événement
78570,91570,événement
78572,95572,événement
78573,91573,événement
78574,95574,événement
78577,91577,événement
78578,91578,événement
78579,91579,événement
78580,95580,événement
78581,91581,événement
78582,95582,événement
78583,94070,événement
78584,95584,événement
78585,95585,événement
78587,91587,événement
78589,91589,événement
78592,95592,événement
78593,91593,événement
78594,95594,événement
78595,93071,événement
78596,92072,événement
78598,95598,événement
78599,91599,événement
78600,91600,événement
78602,91602,événement
78603,94071,événement
78604,95604,événement
78607,95607,événement
78610,95610,événement
78611,95611,événement
78612,95612,événement
78613,91613,événement
78614,78381,événement
78617,91617,événement
78619,91619,événement
78622,93073,événement
78625,95625,événement
78626,94074,événement
78627,95627,événement
78628,95628,événement
78629,91629,événement
78630,91630,événement
78631,91631,événement
78632,92076,événement
78633,95633,événement
78634,91634,événement
78635,91635,événement
78636,93074,événement
78637,95637,événement
78639,91639,événement
78641,95641,événement
78645,91645,événement
78648,91648,événement
78649,91649,événement
78651,95651,événement
78652,95652,événement
78654,91654,événement
78656,95656,événement
78657,91657,événement
78658,95658,événement
78659,91659,événement
78660,95660,événement
78661,91661,événement
78662,91662,événement
78663,94075,événement
78664,92077,événement
78665,91665,événement
78666,91666,événement
78667,91667,événement
78669,94077,événement
78670,94078,événement
78671,91671,événement
78673,93078,événement
78675,95675,événement
78676,95676,événement
78678,95678,événement
78679,91679,événement
78680,95680,événement
78682,95682,événement
78684,94079,événement
78685,91685,événement
78687,91687,événement
78689,91689,événement
78690,95690,événement
78691,91691,événement
78692,95120,événement
79004,79185,commune déléguée ou associée
79006,79136,commune déléguée ou associée
79011,79140,événement
79017,79195,événement
79021,79090,événement
79026,79014,commune déléguée ou associée
79027,79083,commune déléguée ou associée
79028,79049,commune déléguée ou associée
79033,79078,événement
79035,79077,commune déléguée ou associée
79036,79196,événement
79037,79013,événement
79039,79078,événement
79041,79005,commune déléguée ou associée
79043,79014,commune déléguée ou associée
79044,79063,commune déléguée ou associée
79045,79140,événement
79051,79179,commune déléguée ou associée
79052,79049,commune déléguée ou associée
79053,79013,commune déléguée ou associée
79054,79196,commune déléguée ou associée
79060,79307,commune déléguée ou associée
79065,79049,commune déléguée ou associée
79067,79066,événement
79068,79105,commune déléguée ou associée
79072,79013,commune déléguée ou associée
79073,79079,commune déléguée ou associée
79075,79179,commune déléguée ou associée
79082,79048,événement
79093,79049,commune déléguée ou associée
79097,79031,événement
79098,79217,commune déléguée ou associée
79099,79013,commune déléguée ou associée
79107,79083,commune déléguée ou associée
79110,79174,événement
79113,79280,commune déléguée ou associée
79138,79137,événement
79143,79016,commune déléguée ou associée
79146,79268,événement
79151,79136,événement
79155,79079,commune déléguée ou associée
79168,79063,commune déléguée ou associée
79169,79196,événement
79171,79329,commune déléguée ou associée
79173,79174,commune déléguée ou associée
79178,79329,commune déléguée ou associée
79180,79307,commune déléguée ou associée
79181,79061,commune déléguée ou associée
79182,79123,commune déléguée ou associée
79186,79079,commune déléguée ou associée
79187,79013,commune déléguée ou associée
79188,79179,commune déléguée ou associée
79192,79049,commune déléguée ou associée
79193,79049,commune déléguée ou associée
79194,79196,événement
79199,79174,commune déléguée ou associée
79205,79307,commune déléguée ou associée
79206,79170,événement
79211,79140,événement
79212,79307,commune déléguée ou associée
79214,79251,événement
79219,79334,commune déléguée ou associée
79221,79078,événement
79222,79179,commune déléguée ou associée
79224,49099,commune déléguée ou associée
79227,79031,événement
79228,79329,événement
79232,79123,commune déléguée ou associée
79233,79079,commune déléguée ou associée
79234,79133,événement
79237,79079,commune déléguée ou associée
79240,79185,commune déléguée ou associée
79245,79066,événement
79247,79078,événement
79248,79191,événement
79260,79196,commune déléguée ou associée
79261,79179,commune déléguée ou associée
79262,79079,événement
79264,79174,commune déléguée ou associée
79266,79191,événement
79272,79123,commune déléguée ou associée
79275,79122,événement
79279,79174,commune déléguée ou associée
79282,79061,commune déléguée ou associée
79287,79191,événement
79288,79063,commune déléguée ou associée
79291,79049,événement
79292,79329,commune déléguée ou associée
79296,79049,commune déléguée ou associée
79305,79013,événement
79314,79064,commune déléguée ou associée
79315,79191,événement
79317,79005,commune déléguée ou associée
79318,79285,commune déléguée ou associée
79321,79196,commune déléguée ou associée
79323,79079,commune déléguée ou associée
79324,79049,commune déléguée ou associée
79325,79005,commune déléguée ou associée
79327,79185,commune déléguée ou associée
79328,79334,commune déléguée ou associée
79330,79083,commune déléguée ou associée
79333,79013,commune déléguée ou associée
79344,79061,commune déléguée ou associée
79353,79030,événement
79356,79242,événement
80007,80436,commune déléguée ou associée
80012,80390,événement
80072,62881,événement
80075,80247,événement
80091,80010,événement
80111,80443,commune déléguée ou associée
80175,80505,commune déléguée ou associée
80178,80570,événement
80209,80625,événement
80254,80230,événement
80255,80013,événement
80257,80554,commune déléguée ou associée
80277,80276,événement
80286,80410,événement
80289,80557,commune déléguée ou associée
80309,80566,événement
80323,80322,événement
80363,80436,commune déléguée ou associée
80370,80369,événement
80382,80443,commune déléguée ou associée
80389,80442,événement
80394,80703,commune déléguée ou associée
80398,80456,commune déléguée ou associée
80419,80625,événement
80441,80406,commune déléguée ou associée
80447,80621,commune déléguée ou associée
80448,80621,événement
80454,80456,commune déléguée ou associée
80457,80630,commune déléguée ou associée
80471,80521,événement
80483,80443,commune déléguée ou associée
80492,80245,commune déléguée ou associée
80506,80230,événement
80510,80222,commune déléguée ou associée
80532,80295,commune déléguée ou associée
80534,80010,événement
80539,80084,événement
80551,80509,commune déléguée ou associée
80564,80456,commune déléguée ou associée
80567,80620,événement
80581,80582,commune déléguée ou associée
80594,80485,commune déléguée ou associée
80608,80621,commune déléguée ou associée
80610,80623,commune déléguée ou associée
80612,80443,commune déléguée ou associée
80636,80233,événement
80641,80002,événement
80653,80617,événement
80660,80342,événement
80689,80582,commune déléguée ou associée
80712,80229,événement
80715,80620,événement
80720,80410,événement
80727,80031,événement
80731,80443,commune déléguée ou associée
80739,80436,commune déléguée ou associée
80745,80582,commune déléguée ou associée
80761,80485,commune déléguée ou associée
80768,80443,commune déléguée ou associée
80772,80086,événement
80816,80211,commune déléguée ou associée
80817,80406,commune déléguée ou associée
80818,80463,événement
80830,80155,commune déléguée ou associée
80831,62909,événement
81057,81262,commune déléguée ou associée
81091,81062,événement
81107,81132,événement
81113,81218,commune déléguée ou associée
81153,81062,événement
81155,81026,événement
81194,81245,événement
81226,81233,commune déléguée ou associée
81241,81233,commune déléguée ou associée
81260,81233,commune déléguée ou associée
81296,81233,commune déléguée ou associée
81301,81233,commune déléguée ou associée
83024,83124,événement
85007,85109,événement
85021,85076,commune déléguée ou associée
85027,85146,commune déléguée ou associée
85030,85084,commune déléguée ou associée
85032,85191,événement
85037,85289,commune déléguée ou associée
85041,85292,commune déléguée ou associée
85043,85213,commune déléguée ou associée
85044,85009,commune déléguée ou associée
85048,85302,commune déléguée ou associée
85052,85152,événement
85053,85289,commune déléguée ou associée
85057,85092,événement
85060,85194,événement
85063,85090,commune déléguée ou associée
85068,85036,commune déléguée ou associée
85069,85008,commune déléguée ou associée
85075,85222,événement
85079,85135,commune déléguée ou associée
85085,85151,événement
85091,85080,événement
85107,85146,commune déléguée ou associée
85122,85020,commune déléguée ou associée
85124,85046,événement
85150,85197,commune déléguée ou associée
85166,85194,événement
85168,85162,commune déléguée ou associée
85170,85094,événement
85173,85109,événement
85180,85090,commune déléguée ou associée
85183,85051,événement
85195,85191,événement
85203,85020,commune déléguée ou associée
85217,85146,commune déléguée ou associée
85219,85154,commune déléguée ou associée
85224,85146,commune déléguée ou associée
85225,85151,événement
85228,85288,événement
85230,85040,commune déléguée ou associée
85233,85223,commune déléguée ou associée
85241,85051,événement
85249,85158,événement
85253,85092,événement
85257,85090,commune déléguée ou associée
85258,85243,événement
85263,85051,commune déléguée ou associée
85270,85277,commune déléguée ou associée
85271,85292,commune déléguée ou associée
85272,85197,commune déléguée ou associée
85275,85034,commune déléguée ou associée
85279,85019,commune déléguée ou associée
85283,85223,événement
85299,85177,commune déléguée ou associée
85307,85001,commune déléguée ou associée
86021,86123,événement
86030,86281,commune déléguée ou associée
86033,86079,événement
86043,86082,commune déléguée ou associée
86056,86123,événement
86057,86233,événement
86060,86281,commune déléguée ou associée
86067,86082,commune déléguée ou associée
86071,86281,commune déléguée ou associée
86101,86225,commune déléguée ou associée
86146,86115,commune déléguée ou associée
86155,86161,commune déléguée ou associée
86166,86123,événement
86168,86233,événement
86179,86108,commune déléguée ou associée
86185,86161,commune déléguée ou associée
86188,86082,commune déléguée ou associée
86199,86070,commune déléguée ou associée
86208,86053,événement
86212,86137,commune déléguée ou associée
86215,86005,événement
86216,86161,commune déléguée ou associée
86219,86019,commune déléguée ou associée
86231,86247,commune déléguée ou associée
86232,86070,événement
86238,86070,événement
86240,86120,événement
86243,86092,événement
86251,86233,événement
86259,86245,commune déléguée ou associée
86267,86066,commune déléguée ou associée
86277,86281,commune déléguée ou associée
86278,86082,commune déléguée ou associée
86282,86137,événement
86283,86108,commune déléguée ou associée
87010,87085,événement
87026,87097,commune déléguée ou associée
87055,87028,commune déléguée ou associée
87098,87092,commune déléguée ou associée
87102,87014,événement
87136,87028,commune déléguée ou associée
87171,87027,commune déléguée ou associée
87173,87128,commune déléguée ou associée
87175,87180,commune déléguée ou associée
87184,87128,commune déléguée ou associée
87196,87028,commune déléguée ou associée
88018,88218,événement
88034,88106,événement
88067,88322,événement
88072,88460,événement
88112,88361,commune déléguée ou associée
88191,88460,événement
88204,88465,commune déléguée ou associée
88207,88146,événement
88211,88305,événement
88217,88351,événement
88234,88029,commune déléguée ou associée
88235,88029,commune déléguée ou associée
88282,88176,événement
88323,88372,événement
88329,88321,événement
88337,88465,commune déléguée ou associée
88339,88114,événement
88384,88274,événement
88392,88475,événement
88393,88321,commune déléguée ou associée
88396,88227,événement
88397,88321,événement
88405,88351,événement
88414,88460,événement
88420,88322,événement
88422,88160,événement
89001,89130,commune déléguée ou associée
89026,89345,événement
89047,89055,commune déléguée ou associée
89052,89439,commune déléguée ou associée
89070,89086,commune déléguée ou associée
89078,89003,commune déléguée ou associée
89082,89169,événement
89090,89283,commune déléguée ou associée
89097,89086,commune déléguée ou associée
89103,89086,commune déléguée ou associée
89106,89200,événement
89107,89411,commune déléguée ou associée
89109,89197,commune déléguée ou associée
89110,89246,événement
89114,89407,commune déléguée ou associée
89121,89469,événement
89135,89005,événement
89138,89086,commune déléguée ou associée
89140,89014,commune déléguée ou associée
89157,89233,commune déléguée ou associée
89166,89414,commune déléguée ou associée
89174,89405,commune déléguée ou associée
89178,89086,commune déléguée ou associée
89185,89068,événement
89192,89086,commune déléguée ou associée
89193,89469,événement
89213,89196,commune déléguée ou associée
89231,89073,commune déléguée ou associée
89241,89086,commune déléguée ou associée
89243,89086,commune déléguée ou associée
89258,89068,événement
89260,89405,commune déléguée ou associée
89269,89086,événement
89275,89196,commune déléguée ou associée
89293,89420,commune déléguée ou associée
89294,89086,commune déléguée ou associée
89301,89469,événement
89305,89068,événement
89317,89086,commune déléguée ou associée
89322,89439,commune déléguée ou associée
89330,89441,commune déléguée ou associée
89340,89420,commune déléguée ou associée
89343,89086,commune déléguée ou associée
89356,89334,commune déléguée ou associée
89357,89414,commune déléguée ou associée
89358,89086,commune déléguée ou associée
89366,89388,événement
89372,89407,commune déléguée ou associée
89381,89197,commune déléguée ou associée
89389,89344,commune déléguée ou associée
89396,89469,événement
89401,89263,commune déléguée ou associée
89421,89197,commune déléguée ou associée
89429,89411,commune déléguée ou associée
89435,89024,commune déléguée ou associée
89444,89469,événement
89448,89197,commune déléguée ou associée
89454,89086,commune déléguée ou associée
89455,89264,événement
89457,89196,commune déléguée ou associée
89473,89003,commune déléguée ou associée
89476,89472,commune déléguée ou associée
89484,89003,commune déléguée ou associée
90038,90082,événement
90040,90041,événement
90073,90068,événement
90092,90042,événement
90106,90097,événement
91143,78143,événement
91173,91613,événement
91182,91228,événement
91222,91390,commune déléguée ou associée
91620,78620,événement
93059,93066,commune déléguée ou associée
95259,95040,événement
95282,95169,événement
97351,97301,événement
97354,97352,événement
97355,97306,événement
97359,97310,événement
